image_name,u_floorplan,v_floorplan,heading_deg,source,source_image_path
frame_000001.jpg,1227.376540,20.691936,,existing,
frame_000002.jpg,1225.410425,21.396129,,existing,
frame_000003.jpg,1220.845911,22.391290,,existing,
frame_000004.jpg,1213.947742,24.302281,,existing,
frame_000005.jpg,1208.235447,29.178895,,existing,
frame_000006.jpg,1201.849618,39.950339,,existing,
frame_000007.jpg,1197.026852,46.753845,,existing,
frame_000008.jpg,1189.898172,57.212368,,existing,
frame_000009.jpg,1180.483224,67.819922,,existing,
frame_000010.jpg,1171.638799,79.399747,,existing,
frame_000011.jpg,1165.926624,90.369175,,existing,
frame_000012.jpg,1163.541633,104.567299,,existing,
frame_000013.jpg,1161.473843,117.593663,,existing,
frame_000014.jpg,1157.236279,129.869329,,existing,
frame_000015.jpg,1155.064108,143.940841,,existing,
frame_000016.jpg,1157.725132,154.537395,,existing,
frame_000017.jpg,1163.838882,164.681925,,existing,
frame_000018.jpg,1168.877405,174.363056,,existing,
frame_000019.jpg,1174.578396,186.488800,,existing,
frame_000020.jpg,1182.211047,194.940144,,existing,
frame_000021.jpg,1192.548234,196.743438,,existing,
frame_000022.jpg,1203.755088,203.125989,,existing,
frame_000023.jpg,1212.519032,212.112847,,existing,
frame_000024.jpg,1220.400796,224.054375,,existing,
frame_000025.jpg,1227.558441,234.407139,,existing,
frame_000026.jpg,1235.981346,249.017179,,existing,
frame_000027.jpg,1238.630295,266.225165,,existing,
frame_000028.jpg,1237.539153,282.952967,,existing,
frame_000029.jpg,1235.158479,300.614858,,existing,
frame_000030.jpg,1233.226288,315.479046,,existing,
frame_000031.jpg,1231.095983,332.352357,,existing,
frame_000032.jpg,1223.518234,347.307196,,existing,
frame_000033.jpg,1213.528269,359.639443,,existing,
frame_000034.jpg,1205.331167,372.095600,,existing,
frame_000035.jpg,1200.540250,385.426540,,existing,
frame_000036.jpg,1194.274694,399.217896,,existing,
frame_000037.jpg,1185.451116,410.206553,,existing,
frame_000038.jpg,1175.498222,421.810841,,existing,
frame_000039.jpg,1168.082881,435.671202,,existing,
frame_000040.jpg,1163.321104,449.658070,,existing,
frame_000041.jpg,1157.863748,463.712289,,existing,
frame_000042.jpg,1152.926713,476.208920,,existing,
frame_000043.jpg,1149.217216,488.797150,,existing,
frame_000044.jpg,1148.501386,500.897210,,existing,
frame_000045.jpg,1150.205192,514.255244,,existing,
frame_000046.jpg,1150.059929,527.944899,,existing,
frame_000047.jpg,1148.025662,542.074830,,existing,
frame_000048.jpg,1148.749367,555.554028,,existing,
frame_000049.jpg,1152.600788,567.705311,,existing,
frame_000050.jpg,1158.767581,580.778281,,existing,
frame_000051.jpg,1162.865326,593.789021,,existing,
frame_000052.jpg,1166.992994,608.923271,,existing,
frame_000053.jpg,1174.249984,620.895091,,existing,
frame_000054.jpg,1183.976594,630.640877,,existing,
frame_000055.jpg,1192.981477,640.290344,,existing,
frame_000056.jpg,1200.331400,650.985236,,existing,
frame_000057.jpg,1209.182952,663.792592,,existing,
frame_000058.jpg,1218.053153,673.608059,,existing,
frame_000059.jpg,1228.325741,687.017976,,existing,
frame_000060.jpg,1234.450050,700.277858,,existing,
frame_000061.jpg,1237.122993,715.582342,,existing,
frame_000062.jpg,1239.518381,733.653004,,existing,
frame_000063.jpg,1242.479825,750.827012,,existing,
frame_000064.jpg,1243.768302,768.918899,,existing,
frame_000065.jpg,1240.362921,784.407646,,existing,
frame_000066.jpg,1234.771703,801.023378,,existing,
frame_000067.jpg,1229.502962,818.445290,,existing,
frame_000068.jpg,1227.025552,833.066282,,existing,
frame_000069.jpg,1221.449819,848.309503,,existing,
frame_000070.jpg,1213.563362,861.192331,,existing,
frame_000071.jpg,1206.058003,875.777140,,existing,
frame_000072.jpg,1200.703485,890.679642,,existing,
frame_000073.jpg,1194.853523,906.615590,,existing,
frame_000074.jpg,1186.771804,921.490575,,existing,
frame_000075.jpg,1184.263521,895.025750,,existing,
frame_000076.jpg,1175.801656,911.804809,,existing,
frame_000077.jpg,1170.769610,929.532081,,existing,
frame_000078.jpg,1165.829694,944.106340,,existing,
frame_000079.jpg,1160.278274,958.683910,,existing,
frame_000080.jpg,1153.608549,974.715013,,existing,
frame_000081.jpg,1149.468181,992.256647,,existing,
frame_000082.jpg,1148.055335,1009.194208,,existing,
frame_000083.jpg,1146.823312,1023.200765,,existing,
frame_000084.jpg,1145.084146,1038.010912,,existing,
frame_000085.jpg,1145.310211,1054.026297,,existing,
frame_000086.jpg,1148.831911,1067.048710,,existing,
frame_000087.jpg,1154.600566,1080.572561,,existing,
frame_000088.jpg,1159.713611,1094.877917,,existing,
frame_000089.jpg,1163.341116,1108.310233,,existing,
frame_000090.jpg,1170.248203,1120.027340,,existing,
frame_000091.jpg,1179.817334,1128.632278,,existing,
frame_000092.jpg,1189.034667,1139.785913,,existing,
frame_000093.jpg,1195.831183,1150.719143,,existing,
frame_000094.jpg,1200.976463,1167.123116,,existing,
frame_000095.jpg,1209.252455,1178.674876,,existing,
frame_000096.jpg,1217.970515,1191.107169,,existing,
frame_000097.jpg,1225.610224,1204.537035,,existing,
frame_000098.jpg,1231.168193,1218.078540,,existing,
frame_000099.jpg,1237.179524,1232.301186,,existing,
frame_000100.jpg,1244.758173,1244.482035,,existing,
frame_000101.jpg,1252.432986,1257.913908,,existing,
frame_000102.jpg,1255.618005,1272.623793,,existing,
frame_000103.jpg,1255.564215,1287.031003,,existing,
frame_000104.jpg,1254.370602,1305.086616,,existing,
frame_000105.jpg,1253.849470,1320.985533,,existing,
frame_000106.jpg,1251.581409,1337.139520,,existing,
frame_000107.jpg,1246.353192,1351.607156,,existing,
frame_000108.jpg,1240.645968,1366.781253,,existing,
frame_000109.jpg,1237.416783,1382.129268,,existing,
frame_000110.jpg,1235.372731,1396.263195,,existing,
frame_000111.jpg,1228.859462,1408.306726,,existing,
frame_000112.jpg,1219.908476,1419.237894,,existing,
frame_000113.jpg,1210.317187,1432.569141,,existing,
frame_000114.jpg,1202.079601,1448.233330,,existing,
frame_000115.jpg,1195.838907,1462.401877,,existing,
frame_000116.jpg,1185.772579,1477.618439,,existing,
frame_000117.jpg,1176.489958,1490.315794,,existing,
frame_000118.jpg,1168.531886,1507.614434,,existing,
frame_000119.jpg,1164.356930,1523.467197,,existing,
frame_000120.jpg,1160.380084,1537.220275,,existing,
frame_000121.jpg,1154.326176,1553.822579,,existing,
frame_000122.jpg,1152.446493,1567.572079,,existing,
frame_000123.jpg,1154.552076,1584.338044,,existing,
frame_000124.jpg,1159.052037,1598.700578,,existing,
frame_000125.jpg,1163.041335,1615.055580,,existing,
frame_000126.jpg,1166.351027,1631.542177,,existing,
frame_000127.jpg,1173.560737,1646.539967,,existing,
frame_000128.jpg,1184.411439,1658.772190,,existing,
frame_000129.jpg,1192.552766,1672.783798,,existing,
frame_000130.jpg,1199.978388,1689.249621,,existing,
frame_000131.jpg,1206.906383,1702.436532,,existing,
frame_000132.jpg,1216.678542,1716.932745,,existing,
frame_000133.jpg,1224.770609,1730.868723,,existing,
frame_000134.jpg,1230.916174,1748.308011,,existing,
frame_000135.jpg,1236.685436,1764.983240,,existing,
frame_000136.jpg,1243.348883,1779.716980,,existing,
frame_000137.jpg,1249.836579,1795.975143,,existing,
frame_000138.jpg,1251.638536,1810.392592,,existing,
frame_000139.jpg,1251.242092,1826.973698,,existing,
frame_000140.jpg,1250.830878,1840.419830,,existing,
frame_000141.jpg,1251.215818,1856.711529,,existing,
frame_000142.jpg,1250.955820,1871.760378,,existing,
frame_000143.jpg,1246.370504,1886.128948,,existing,
frame_000144.jpg,1240.336713,1902.183158,,existing,
frame_000145.jpg,1235.932470,1915.874306,,existing,
frame_000146.jpg,1232.018041,1933.413314,,existing,
frame_000147.jpg,1227.466554,1948.094574,,existing,
frame_000148.jpg,1218.829034,1964.189565,,existing,
frame_000149.jpg,1209.659710,1979.477940,,existing,
frame_000150.jpg,1202.676702,1995.009294,,existing,
frame_000151.jpg,1195.163198,2013.452650,,existing,
frame_000152.jpg,1187.136112,2027.500152,,existing,
frame_000153.jpg,1175.958485,2042.894352,,existing,
frame_000154.jpg,1168.593800,2059.926239,,existing,
frame_000155.jpg,1162.191570,2081.573116,,existing,
frame_000156.jpg,1156.521448,2095.690073,,existing,
frame_000157.jpg,1149.658251,2109.353116,,existing,
frame_000158.jpg,1143.982335,2127.003078,,existing,
frame_000159.jpg,1143.834116,2141.889698,,existing,
frame_000160.jpg,1147.822526,2158.426847,,existing,
frame_000161.jpg,1150.590044,2172.222179,,existing,
frame_000162.jpg,1153.189958,2189.227056,,existing,
frame_000163.jpg,1159.991378,2203.258393,,existing,
frame_000164.jpg,1170.436919,2213.786119,,existing,
frame_000165.jpg,1181.457331,2226.375298,,existing,
frame_000166.jpg,1189.332384,2240.356425,,existing,
frame_000167.jpg,1197.104078,2254.782366,,existing,
frame_000168.jpg,1206.485553,2266.665475,,existing,
frame_000169.jpg,1218.258299,2281.444723,,existing,
frame_000170.jpg,1226.504855,2297.216230,,existing,
frame_000171.jpg,1232.391859,2312.800204,,existing,
frame_000172.jpg,1240.154843,2327.414197,,existing,
frame_000173.jpg,1248.248183,2341.391253,,existing,
frame_000174.jpg,1253.355406,2354.857609,,existing,
frame_000175.jpg,1254.294365,2368.985545,,existing,
frame_000176.jpg,1252.154080,2386.038041,,existing,
frame_000177.jpg,1250.438253,2398.870795,,existing,
frame_000178.jpg,1249.001482,2411.720121,,existing,
frame_000179.jpg,1245.463028,2424.807196,,existing,
frame_000180.jpg,1238.525932,2436.650212,,existing,
frame_000181.jpg,1230.376566,2449.268676,,existing,
frame_000182.jpg,1223.477633,2463.976485,,existing,
frame_000183.jpg,1218.434934,2479.420635,,existing,
frame_000184.jpg,1210.933082,2495.468579,,existing,
frame_000185.jpg,1202.129008,2510.880164,,existing,
frame_000186.jpg,1194.906870,2527.173899,,existing,
frame_000187.jpg,1190.333879,2542.774458,,existing,
frame_000188.jpg,1186.737944,2561.059729,,existing,
frame_000189.jpg,1181.076631,2578.898232,,existing,
frame_000190.jpg,1176.535489,2595.357473,,existing,
frame_000191.jpg,1174.157349,2613.267718,,existing,
frame_000192.jpg,1172.715811,2630.856658,,existing,
frame_000193.jpg,1169.460334,2647.244337,,existing,
frame_000194.jpg,1164.928613,2663.069004,,existing,
frame_000195.jpg,1159.718097,2681.795258,,existing,
frame_000196.jpg,1157.532844,2701.477173,,existing,
frame_000197.jpg,1158.085481,2716.718271,,existing,
frame_000198.jpg,1159.707399,2733.816820,,existing,
frame_000199.jpg,1161.455503,2748.567219,,existing,
frame_000200.jpg,1167.163644,2762.535801,,existing,
frame_000201.jpg,1177.265583,2775.303503,,existing,
frame_000202.jpg,1186.039461,2786.923429,,existing,
frame_000203.jpg,1194.229983,2801.901599,,existing,
frame_000204.jpg,1203.102997,2814.733019,,existing,
frame_000205.jpg,1215.395801,2827.119394,,existing,
frame_000206.jpg,1226.021473,2839.287447,,existing,
frame_000207.jpg,1234.392868,2853.254606,,existing,
frame_000208.jpg,1240.435812,2867.490269,,existing,
frame_000209.jpg,1248.351359,2881.535986,,existing,
frame_000210.jpg,1256.795961,2896.125066,,existing,
frame_000211.jpg,1261.153357,2908.448616,,existing,
frame_000212.jpg,1260.969556,2922.929164,,existing,
frame_000213.jpg,1258.297597,2937.894090,,existing,
frame_000214.jpg,1256.259527,2952.852810,,existing,
frame_000215.jpg,1255.491041,2966.508132,,existing,
frame_000216.jpg,1252.870040,2981.729426,,existing,
frame_000217.jpg,1245.544431,2997.564045,,existing,
frame_000218.jpg,1238.413282,3013.064868,,existing,
frame_000219.jpg,1232.080353,3029.857449,,existing,
frame_000220.jpg,1227.765846,3046.115013,,existing,
frame_000221.jpg,1219.677724,3062.353526,,existing,
frame_000222.jpg,1209.554782,3077.056310,,existing,
frame_000223.jpg,1200.692059,3092.452938,,existing,
frame_000224.jpg,1194.024761,3109.263084,,existing,
frame_000225.jpg,1188.617799,3124.026363,,existing,
frame_000226.jpg,1179.025423,3140.679747,,existing,
frame_000227.jpg,1171.342492,3154.897510,,existing,
frame_000228.jpg,1166.155914,3171.357626,,existing,
frame_000229.jpg,1165.730029,3186.690612,,existing,
frame_000230.jpg,1168.096971,3200.303026,,existing,
frame_000231.jpg,1169.811665,3218.087182,,existing,
frame_000232.jpg,1175.573050,3234.281786,,existing,
frame_000233.jpg,1193.446867,3232.405767,,existing,
frame_000234.jpg,1198.164805,3241.837036,,existing,
frame_000235.jpg,1205.245354,3243.648670,,existing,
frame_000236.jpg,1212.920509,3245.873054,,existing,
frame_000237.jpg,1221.666815,3248.605008,,existing,
frame_000238.jpg,1230.546390,3248.622925,,existing,
frame_000239.jpg,1239.932762,3245.849288,,existing,
frame_000240.jpg,1251.551166,3241.847456,,existing,
frame_000241.jpg,1263.971513,3243.142242,,existing,
frame_000242.jpg,1275.916565,3245.840754,,existing,
frame_000243.jpg,1287.919314,3247.982979,,existing,
frame_000244.jpg,1309.384044,3240.959611,,existing,
frame_000245.jpg,1343.685773,3216.268521,,existing,
frame_000246.jpg,1357.215196,3222.143982,,existing,
frame_000247.jpg,1371.342502,3231.903268,,existing,
frame_000248.jpg,1382.211144,3240.615056,,existing,
frame_000249.jpg,1397.159471,3249.582328,,existing,
frame_000250.jpg,1405.889270,3263.218751,,existing,
frame_000251.jpg,1406.929601,3283.822924,,existing,
frame_000252.jpg,1379.015046,3302.356022,,existing,
frame_000253.jpg,1376.020476,3320.046473,,existing,
frame_000254.jpg,1373.705259,3338.421999,,existing,
frame_000255.jpg,1369.541746,3353.788709,,existing,
frame_000256.jpg,1361.116160,3366.941421,,existing,
frame_000257.jpg,1350.223614,3379.451604,,existing,
frame_000258.jpg,1341.009038,3394.042465,,existing,
frame_000259.jpg,1330.886539,3413.839395,,existing,
frame_000260.jpg,1324.062199,3424.974796,,existing,
frame_000261.jpg,1310.960024,3435.759687,,existing,
frame_000262.jpg,1297.814657,3451.375113,,existing,
frame_000263.jpg,1285.728672,3467.819714,,existing,
frame_000264.jpg,1276.984666,3482.374663,,existing,
frame_000265.jpg,1265.449687,3496.644664,,existing,
frame_000266.jpg,1253.305380,3509.825218,,existing,
frame_000267.jpg,1245.520183,3523.546198,,existing,
frame_000268.jpg,1239.458210,3541.049903,,existing,
frame_000269.jpg,1236.807291,3555.827910,,existing,
frame_000270.jpg,1232.599962,3573.149457,,existing,
frame_000271.jpg,1227.730806,3590.459956,,existing,
frame_000272.jpg,1226.805209,3609.556999,,existing,
frame_000273.jpg,1235.320291,3622.246661,,existing,
frame_000274.jpg,1233.870417,3640.039874,,existing,
frame_000275.jpg,1228.804597,3661.927080,,existing,
frame_000276.jpg,1229.189386,3680.379426,,existing,
frame_000277.jpg,1233.508927,3696.269914,,existing,
frame_000278.jpg,1237.724456,3712.752995,,existing,
frame_000279.jpg,1238.968025,3732.223719,,existing,
frame_000280.jpg,1241.009027,3751.676554,,existing,
frame_000281.jpg,1244.734987,3767.383843,,existing,
frame_000282.jpg,1251.906980,3782.234758,,existing,
frame_000283.jpg,1257.456842,3797.837591,,existing,
frame_000284.jpg,1262.940858,3818.311178,,existing,
frame_000285.jpg,1269.679605,3831.976500,,existing,
frame_000286.jpg,1279.686511,3845.418965,,existing,
frame_000287.jpg,1290.569643,3857.655625,,existing,
frame_000288.jpg,1298.963243,3869.036113,,existing,
frame_000289.jpg,1309.413711,3883.712391,,existing,
frame_000290.jpg,1321.376089,3891.877660,,existing,
frame_000291.jpg,1337.026681,3898.587994,,existing,
frame_000292.jpg,1352.002251,3904.486136,,existing,
frame_000293.jpg,1365.409386,3911.581186,,existing,
frame_000294.jpg,1380.266272,3916.052787,,existing,
frame_000295.jpg,1395.916702,3915.609423,,existing,
frame_000296.jpg,1413.882571,3914.171574,,existing,
frame_000297.jpg,1430.891319,3914.299947,,existing,
frame_000298.jpg,1447.663053,3915.523302,,existing,
frame_000299.jpg,1465.708743,3912.909370,,existing,
frame_000300.jpg,1483.046213,3907.538849,,existing,
frame_000301.jpg,1501.858526,3902.421324,,existing,
frame_000302.jpg,1519.863085,3900.013538,,existing,
frame_000303.jpg,1540.117531,3893.407676,,existing,
frame_000304.jpg,1557.473040,3884.347297,,existing,
frame_000305.jpg,1573.569423,3876.676308,,existing,
frame_000306.jpg,1594.955196,3868.687035,,existing,
frame_000307.jpg,1608.876575,3863.030485,,existing,
frame_000308.jpg,1622.287962,3855.266071,,existing,
frame_000309.jpg,1634.822123,3845.588743,,existing,
frame_000310.jpg,1649.808565,3834.189116,,existing,
frame_000311.jpg,1664.455330,3824.788051,,existing,
frame_000312.jpg,1677.781558,3811.892542,,existing,
frame_000313.jpg,1688.449684,3796.982542,,existing,
frame_000314.jpg,1697.715896,3781.663285,,existing,
frame_000315.jpg,1711.006165,3765.112360,,existing,
frame_000316.jpg,1722.510306,3750.580770,,existing,
frame_000317.jpg,1734.978820,3731.403713,,existing,
frame_000318.jpg,1743.998869,3712.934663,,existing,
frame_000319.jpg,1755.269465,3700.646371,,existing,
frame_000320.jpg,1768.496145,3685.925266,,existing,
frame_000321.jpg,1778.809207,3670.822730,,existing,
frame_000322.jpg,1790.049403,3648.916067,,existing,
frame_000323.jpg,1800.805028,3634.743692,,existing,
frame_000324.jpg,1814.577269,3622.839153,,existing,
frame_000325.jpg,1825.413729,3605.942188,,existing,
frame_000326.jpg,1833.544881,3586.136263,,existing,
frame_000327.jpg,1840.479415,3566.184384,,existing,
frame_000328.jpg,1847.983729,3551.213539,,existing,
frame_000329.jpg,1857.500701,3535.205995,,existing,
frame_000330.jpg,1864.427122,3516.338944,,existing,
frame_000331.jpg,1870.867432,3496.712480,,existing,
frame_000332.jpg,1877.353379,3480.101459,,existing,
frame_000333.jpg,1885.575530,3462.846845,,existing,
frame_000334.jpg,1889.391471,3443.716197,,existing,
frame_000335.jpg,1889.748574,3425.707731,,existing,
frame_000336.jpg,1888.812509,3409.238132,,existing,
frame_000337.jpg,1887.697100,3391.827826,,existing,
frame_000338.jpg,1884.347742,3373.764665,,existing,
frame_000339.jpg,1875.162133,3360.639065,,existing,
frame_000340.jpg,1863.941725,3346.591933,,existing,
frame_000341.jpg,1853.121212,3331.428766,,existing,
frame_000342.jpg,1844.484333,3318.468241,,existing,
frame_000343.jpg,1833.620197,3299.884197,,existing,
frame_000344.jpg,1823.933837,3285.444622,,existing,
frame_000345.jpg,1815.780058,3268.952226,,existing,
frame_000346.jpg,1810.407946,3256.085922,,existing,
frame_000347.jpg,1804.430507,3241.024144,,existing,
frame_000348.jpg,1797.120192,3227.449175,,existing,
frame_000349.jpg,1794.863809,3213.910528,,existing,
frame_000350.jpg,1798.302476,3196.650082,,existing,
frame_000351.jpg,1802.197872,3181.950893,,existing,
frame_000352.jpg,1807.900899,3164.928781,,existing,
frame_000353.jpg,1814.340378,3147.570134,,existing,
frame_000354.jpg,1823.243499,3132.951986,,existing,
frame_000355.jpg,1835.383581,3117.342616,,existing,
frame_000356.jpg,1843.603330,3102.914773,,existing,
frame_000357.jpg,1851.375098,3084.801573,,existing,
frame_000358.jpg,1857.064301,3070.469748,,existing,
frame_000359.jpg,1866.457554,3051.913174,,existing,
frame_000360.jpg,1873.834887,3036.064713,,existing,
frame_000361.jpg,1878.447227,3018.706569,,existing,
frame_000362.jpg,1880.045441,3000.151680,,existing,
frame_000363.jpg,1880.906168,2984.070250,,existing,
frame_000364.jpg,1880.970303,2965.342775,,existing,
frame_000365.jpg,1876.530545,2949.576173,,existing,
frame_000366.jpg,1867.218705,2933.338472,,existing,
frame_000367.jpg,1859.787124,2921.986361,,existing,
frame_000368.jpg,1852.673645,2907.597950,,existing,
frame_000369.jpg,1844.175786,2891.678753,,existing,
frame_000370.jpg,1834.742377,2879.514717,,existing,
frame_000371.jpg,1825.222788,2865.002026,,existing,
frame_000372.jpg,1819.495686,2851.597978,,existing,
frame_000373.jpg,1816.857693,2834.202038,,existing,
frame_000374.jpg,1816.092090,2817.949041,,existing,
frame_000375.jpg,1814.521956,2799.832494,,existing,
frame_000376.jpg,1813.636930,2784.402410,,existing,
frame_000377.jpg,1816.351771,2769.487891,,existing,
frame_000378.jpg,1820.808487,2753.252350,,existing,
frame_000379.jpg,1824.080948,2737.542101,,existing,
frame_000380.jpg,1827.319632,2721.100976,,existing,
frame_000381.jpg,1833.461727,2705.573752,,existing,
frame_000382.jpg,1841.978108,2691.763423,,existing,
frame_000383.jpg,1850.464290,2676.030777,,existing,
frame_000384.jpg,1856.966266,2660.680449,,existing,
frame_000385.jpg,1863.712250,2643.271002,,existing,
frame_000386.jpg,1870.192131,2628.023909,,existing,
frame_000387.jpg,1878.532882,2610.315200,,existing,
frame_000388.jpg,1882.101809,2594.363591,,existing,
frame_000389.jpg,1881.837912,2578.474044,,existing,
frame_000390.jpg,1880.146042,2563.341463,,existing,
frame_000391.jpg,1879.154162,2548.050537,,existing,
frame_000392.jpg,1876.008442,2530.936248,,existing,
frame_000393.jpg,1868.006633,2518.352724,,existing,
frame_000394.jpg,1857.217225,2506.131823,,existing,
frame_000395.jpg,1847.316483,2492.712439,,existing,
frame_000396.jpg,1839.698346,2480.140949,,existing,
frame_000397.jpg,1829.901441,2467.237769,,existing,
frame_000398.jpg,1821.040199,2454.526210,,existing,
frame_000399.jpg,1814.438051,2437.493497,,existing,
frame_000400.jpg,1813.580458,2420.998707,,existing,
frame_000401.jpg,1815.649790,2402.251437,,existing,
frame_000402.jpg,1817.406117,2383.057471,,existing,
frame_000403.jpg,1818.445652,2365.611960,,existing,
frame_000404.jpg,1823.166025,2352.300100,,existing,
frame_000405.jpg,1831.676918,2336.802224,,existing,
frame_000406.jpg,1838.211705,2319.227513,,existing,
frame_000407.jpg,1843.348141,2301.412738,,existing,
frame_000408.jpg,1849.356725,2282.402324,,existing,
frame_000409.jpg,1858.682421,2265.423919,,existing,
frame_000410.jpg,1865.904651,2248.325946,,existing,
frame_000411.jpg,1869.245411,2227.830632,,existing,
frame_000412.jpg,1870.168790,2211.336301,,existing,
frame_000413.jpg,1870.248578,2194.557433,,existing,
frame_000414.jpg,1869.916000,2177.529934,,existing,
frame_000415.jpg,1864.092333,2160.698781,,existing,
frame_000416.jpg,1854.561387,2146.185275,,existing,
frame_000417.jpg,1845.473264,2134.238535,,existing,
frame_000418.jpg,1835.688590,2119.538515,,existing,
frame_000419.jpg,1827.529668,2107.678171,,existing,
frame_000420.jpg,1816.084581,2094.750721,,existing,
frame_000421.jpg,1808.745736,2079.968307,,existing,
frame_000422.jpg,1803.107717,2062.943412,,existing,
frame_000423.jpg,1804.191146,2043.245302,,existing,
frame_000424.jpg,1804.922340,2026.924782,,existing,
frame_000425.jpg,1806.380055,2008.197795,,existing,
frame_000426.jpg,1809.280456,1992.688503,,existing,
frame_000427.jpg,1815.947196,1977.328755,,existing,
frame_000428.jpg,1823.718453,1961.502866,,existing,
frame_000429.jpg,1829.987373,1943.013931,,existing,
frame_000430.jpg,1837.065284,1925.368133,,existing,
frame_000431.jpg,1844.676506,1910.131493,,existing,
frame_000432.jpg,1856.058571,1890.349581,,existing,
frame_000433.jpg,1862.683397,1873.183887,,existing,
frame_000434.jpg,1869.403503,1856.176725,,existing,
frame_000435.jpg,1870.977025,1841.924811,,existing,
frame_000436.jpg,1871.715872,1821.844017,,existing,
frame_000437.jpg,1868.657586,1804.331589,,existing,
frame_000438.jpg,1861.272830,1789.043983,,existing,
frame_000439.jpg,1851.198289,1773.556818,,existing,
frame_000440.jpg,1843.023296,1758.696408,,existing,
frame_000441.jpg,1835.323838,1741.217156,,existing,
frame_000442.jpg,1826.139581,1728.102787,,existing,
frame_000443.jpg,1814.671069,1716.221248,,existing,
frame_000444.jpg,1805.955692,1701.249390,,existing,
frame_000445.jpg,1803.373510,1683.898887,,existing,
frame_000446.jpg,1803.738482,1662.332579,,existing,
frame_000447.jpg,1803.496454,1640.913276,,existing,
frame_000448.jpg,1803.151701,1621.379508,,existing,
frame_000449.jpg,1805.593649,1606.787735,,existing,
frame_000450.jpg,1811.739790,1588.327949,,existing,
frame_000451.jpg,1817.214991,1565.050936,,existing,
frame_000452.jpg,1821.282734,1546.327924,,existing,
frame_000453.jpg,1827.789421,1529.346388,,existing,
frame_000454.jpg,1836.813300,1511.844651,,existing,
frame_000455.jpg,1845.387812,1491.341973,,existing,
frame_000456.jpg,1851.801066,1470.455831,,existing,
frame_000457.jpg,1856.160071,1457.553731,,existing,
frame_000458.jpg,1862.604027,1438.047520,,existing,
frame_000459.jpg,1867.343784,1420.243657,,existing,
frame_000460.jpg,1867.753560,1399.687797,,existing,
frame_000461.jpg,1865.233848,1383.876400,,existing,
frame_000462.jpg,1862.748373,1364.377897,,existing,
frame_000463.jpg,1859.544127,1348.400499,,existing,
frame_000464.jpg,1852.138883,1331.886513,,existing,
frame_000465.jpg,1841.436056,1321.187054,,existing,
frame_000466.jpg,1832.093945,1308.083035,,existing,
frame_000467.jpg,1822.784235,1290.498870,,existing,
frame_000468.jpg,1814.492375,1277.009715,,existing,
frame_000469.jpg,1803.661295,1262.937753,,existing,
frame_000470.jpg,1796.038810,1249.020201,,existing,
frame_000471.jpg,1792.622067,1230.881860,,existing,
frame_000472.jpg,1795.266980,1209.743432,,existing,
frame_000473.jpg,1797.926568,1192.275121,,existing,
frame_000474.jpg,1800.158119,1174.372233,,existing,
frame_000475.jpg,1802.643200,1160.421361,,existing,
frame_000476.jpg,1809.605698,1142.969451,,existing,
frame_000477.jpg,1816.290798,1124.243241,,existing,
frame_000478.jpg,1821.286393,1105.982313,,existing,
frame_000479.jpg,1827.857731,1085.429102,,existing,
frame_000480.jpg,1834.532264,1069.294077,,existing,
frame_000481.jpg,1847.286239,1052.766858,,existing,
frame_000482.jpg,1854.119336,1036.670697,,existing,
frame_000483.jpg,1859.344203,1016.111834,,existing,
frame_000484.jpg,1866.570269,999.708767,,existing,
frame_000485.jpg,1873.847588,985.758950,,existing,
frame_000486.jpg,1877.990773,968.027521,,existing,
frame_000487.jpg,1878.889300,951.069586,,existing,
frame_000488.jpg,1874.435673,935.015280,,existing,
frame_000489.jpg,1869.665936,919.381380,,existing,
frame_000490.jpg,1862.313759,902.100287,,existing,
frame_000491.jpg,1851.233571,886.523933,,existing,
frame_000492.jpg,1841.082647,873.688996,,existing,
frame_000493.jpg,1829.933841,858.415520,,existing,
frame_000494.jpg,1821.784694,844.717189,,existing,
frame_000495.jpg,1810.757861,831.233444,,existing,
frame_000496.jpg,1800.331842,819.399171,,existing,
frame_000497.jpg,1792.158044,804.239147,,existing,
frame_000498.jpg,1789.885234,785.213282,,existing,
frame_000499.jpg,1791.725046,766.522484,,existing,
frame_000500.jpg,1793.515276,746.372507,,existing,
frame_000501.jpg,1796.393788,731.621757,,existing,
frame_000502.jpg,1801.427367,714.805410,,existing,
frame_000503.jpg,1807.941608,698.538124,,existing,
frame_000504.jpg,1814.236699,679.244783,,existing,
frame_000505.jpg,1819.970023,659.759579,,existing,
frame_000506.jpg,1827.080847,643.803869,,existing,
frame_000507.jpg,1836.957139,625.987026,,existing,
frame_000508.jpg,1843.828645,609.263276,,existing,
frame_000509.jpg,1848.279901,589.756573,,existing,
frame_000510.jpg,1853.733530,571.097002,,existing,
frame_000511.jpg,1860.206208,555.025572,,existing,
frame_000512.jpg,1864.089689,536.085809,,existing,
frame_000513.jpg,1864.006878,520.810906,,existing,
frame_000514.jpg,1861.049054,505.836789,,existing,
frame_000515.jpg,1857.905453,491.806372,,existing,
frame_000516.jpg,1851.481982,478.172554,,existing,
frame_000517.jpg,1839.577727,471.049324,,existing,
frame_000518.jpg,1825.740212,469.534285,,existing,
frame_000519.jpg,1810.056696,469.988532,,existing,
frame_000520.jpg,1795.951826,467.831174,,existing,
frame_000521.jpg,1777.739575,467.707579,,existing,
frame_000522.jpg,1762.093168,469.449385,,existing,
frame_000523.jpg,1745.912755,472.761893,,existing,
frame_000524.jpg,1731.322265,474.430533,,existing,
frame_000525.jpg,1712.617123,473.662942,,existing,
frame_000526.jpg,1692.613305,473.959583,,existing,
frame_000527.jpg,1674.058904,476.719767,,existing,
frame_000528.jpg,1652.393294,477.632672,,existing,
frame_000529.jpg,1635.725495,475.253291,,existing,
frame_000530.jpg,1615.493551,471.843919,,existing,
frame_000531.jpg,1594.199786,470.775070,,existing,
frame_000532.jpg,1576.887498,468.315119,,existing,
frame_000533.jpg,1561.623611,459.775927,,existing,
frame_000534.jpg,1547.893232,450.909440,,existing,
frame_000535.jpg,1533.404530,440.303174,,existing,
frame_000536.jpg,1520.938078,429.361250,,existing,
frame_000537.jpg,1515.914979,416.966637,,existing,
frame_000538.jpg,1512.491769,399.269552,,existing,
frame_000539.jpg,1511.191039,383.021840,,existing,
frame_000540.jpg,1508.681505,368.800738,,existing,
frame_000541.jpg,1510.161760,354.985692,,existing,
frame_000542.jpg,1515.292666,336.378629,,existing,
frame_000543.jpg,1519.468704,318.800160,,existing,
frame_000544.jpg,1521.933374,305.125411,,existing,
frame_000545.jpg,1519.329041,294.616136,,existing,
frame_000546.jpg,1525.652970,285.721239,,existing,
frame_000547.jpg,1540.716628,261.957672,,existing,
frame_000548.jpg,1550.706646,245.620956,,existing,
frame_000549.jpg,1562.894503,229.623165,,existing,
frame_000550.jpg,1580.455712,215.166003,,existing,
frame_000551.jpg,1593.980807,206.152472,,existing,
frame_000552.jpg,1608.744992,199.024923,,existing,
frame_000553.jpg,1622.631687,194.890981,,existing,
frame_000554.jpg,1637.410772,192.113786,,existing,
frame_000555.jpg,1650.944257,189.305250,,existing,
frame_000556.jpg,1669.774950,188.880549,,existing,
frame_000557.jpg,1686.164583,184.598884,,existing,
frame_000558.jpg,1704.222286,183.009039,,existing,
frame_000559.jpg,1720.279909,186.331010,,existing,
frame_000560.jpg,1735.902018,189.493451,,existing,
frame_000561.jpg,1753.579560,193.955739,,existing,
frame_000562.jpg,1768.572644,199.553030,,existing,
frame_000563.jpg,1782.586535,209.631935,,existing,
frame_000564.jpg,1793.763980,219.060746,,existing,
frame_000565.jpg,1806.424883,232.195006,,existing,
frame_000566.jpg,1818.812443,245.140764,,existing,
frame_000567.jpg,1825.087921,259.520018,,existing,
frame_000568.jpg,1829.132980,278.056113,,existing,
frame_000569.jpg,1830.565517,294.848866,,existing,
frame_000570.jpg,1828.379910,315.477481,,existing,
frame_000571.jpg,1823.299994,331.601388,,existing,
frame_000572.jpg,1809.829404,349.588680,,existing,
frame_000573.jpg,1798.621197,365.086591,,existing,
frame_000574.jpg,1786.287494,380.627346,,existing,
frame_000575.jpg,1769.689097,398.498801,,existing,
frame_000576.jpg,1752.184645,410.160855,,existing,
frame_000577.jpg,1733.145804,422.074937,,existing,
frame_000578.jpg,1715.603681,433.965405,,existing,
frame_000579.jpg,1696.430815,447.057246,,existing,
frame_000580.jpg,1674.808042,456.054224,,existing,
frame_000581.jpg,1654.410995,460.141774,,existing,
frame_000582.jpg,1630.822854,462.750611,,existing,
frame_000583.jpg,1610.934884,458.919486,,existing,
frame_000584.jpg,1588.979413,450.831493,,existing,
frame_000585.jpg,1570.512756,445.446171,,existing,
frame_000586.jpg,1553.817741,438.887921,,existing,
frame_000587.jpg,1535.150839,431.251918,,existing,
frame_000588.jpg,1520.435780,421.533022,,existing,
frame_000589.jpg,1506.607511,407.694561,,existing,
frame_000590.jpg,1493.489747,395.464867,,existing,
frame_000591.jpg,1476.726947,382.434230,,existing,
frame_000592.jpg,1462.789729,369.113340,,existing,
frame_000593.jpg,1448.274214,358.282709,,existing,
frame_000594.jpg,1428.856371,353.539778,,existing,
frame_000595.jpg,1426.653289,355.832846,,existing,
frame_000596.jpg,1411.561789,356.386365,,existing,
frame_000597.jpg,1391.397525,367.711960,,existing,
frame_000598.jpg,1377.019629,378.096954,,existing,
frame_000599.jpg,1359.867508,394.200163,,existing,
frame_000600.jpg,1344.846049,412.208621,,existing,
frame_000601.jpg,1323.778576,420.669178,,existing,
frame_000602.jpg,1306.439181,420.040809,,existing,
frame_000603.jpg,1286.069509,418.369766,,existing,
frame_000604.jpg,1267.097638,416.672043,,existing,
frame_000605.jpg,1251.273103,412.915189,,existing,
frame_000606.jpg,1234.063402,405.333732,,existing,
frame_000607.jpg,1220.158827,397.664611,,existing,
frame_000608.jpg,1203.334220,391.402404,,existing,
frame_000609.jpg,1190.120730,383.308989,,existing,
frame_000610.jpg,1176.919644,370.384513,,existing,
frame_000611.jpg,1163.895797,359.113004,,existing,
frame_000612.jpg,1151.559787,348.941565,,existing,
frame_000613.jpg,1142.937827,336.733243,,existing,
frame_000614.jpg,1137.184653,323.459908,,existing,
frame_000615.jpg,1135.046238,307.488305,,existing,
frame_000616.jpg,1134.742983,293.027135,,existing,
frame_000617.jpg,1136.497418,275.468447,,existing,
frame_000618.jpg,1142.699667,257.790225,,existing,
m0504_01_000001.jpg,1157.425432,4031.698587,,manual_added,../reference_images/m0504_01_000001.jpg
m0504_01_000002.jpg,1157.425432,4002.627864,,manual_added,../reference_images/m0504_01_000002.jpg
m0504_01_000003.jpg,1157.425432,3973.557142,,manual_added,../reference_images/m0504_01_000003.jpg
m0504_01_000004.jpg,1157.425432,3944.486419,,manual_added,../reference_images/m0504_01_000004.jpg
m0504_01_000005.jpg,1157.425432,3915.415696,,manual_added,../reference_images/m0504_01_000005.jpg
m0504_01_000006.jpg,1157.425432,3886.344973,,manual_added,../reference_images/m0504_01_000006.jpg
m0504_01_000007.jpg,1157.425432,3857.274250,,manual_added,../reference_images/m0504_01_000007.jpg
m0504_01_000008.jpg,1157.425432,3828.203528,,manual_added,../reference_images/m0504_01_000008.jpg
m0504_01_000009.jpg,1157.425432,3799.132805,,manual_added,../reference_images/m0504_01_000009.jpg
m0504_01_000010.jpg,1157.425432,3770.062082,,manual_added,../reference_images/m0504_01_000010.jpg
m0504_01_000011.jpg,1157.425432,3740.991359,,manual_added,../reference_images/m0504_01_000011.jpg
m0504_01_000012.jpg,1157.425432,3711.920636,,manual_added,../reference_images/m0504_01_000012.jpg
m0504_01_000013.jpg,1157.425432,3682.849914,,manual_added,../reference_images/m0504_01_000013.jpg
m0504_01_000014.jpg,1157.425432,3653.779191,,manual_added,../reference_images/m0504_01_000014.jpg
m0504_01_000015.jpg,1157.425432,3624.708468,,manual_added,../reference_images/m0504_01_000015.jpg
m0504_01_000016.jpg,1157.425432,3595.637745,,manual_added,../reference_images/m0504_01_000016.jpg
m0504_01_000017.jpg,1157.425432,3566.567022,,manual_added,../reference_images/m0504_01_000017.jpg
m0504_01_000018.jpg,1157.425432,3537.496300,,manual_added,../reference_images/m0504_01_000018.jpg
m0504_01_000019.jpg,1157.425432,3508.425577,,manual_added,../reference_images/m0504_01_000019.jpg
m0504_01_000020.jpg,1157.425432,3479.354854,,manual_added,../reference_images/m0504_01_000020.jpg
m0504_01_000021.jpg,1157.425432,3450.284131,,manual_added,../reference_images/m0504_01_000021.jpg
m0504_01_000022.jpg,1157.425432,3421.213408,,manual_added,../reference_images/m0504_01_000022.jpg
m0504_01_000023.jpg,1157.425432,3392.142686,,manual_added,../reference_images/m0504_01_000023.jpg
m0504_01_000024.jpg,1157.425432,3363.071963,,manual_added,../reference_images/m0504_01_000024.jpg
m0504_01_000025.jpg,1157.425432,3334.001240,,manual_added,../reference_images/m0504_01_000025.jpg
m0504_01_000026.jpg,1157.425432,3304.930517,,manual_added,../reference_images/m0504_01_000026.jpg
m0504_01_000027.jpg,1157.425432,3275.859794,,manual_added,../reference_images/m0504_01_000027.jpg
m0504_01_000028.jpg,1157.425432,3246.789072,,manual_added,../reference_images/m0504_01_000028.jpg
m0504_01_000029.jpg,1157.425432,3217.718349,,manual_added,../reference_images/m0504_01_000029.jpg
m0504_01_000030.jpg,1157.425432,3188.647626,,manual_added,../reference_images/m0504_01_000030.jpg
m0504_01_000031.jpg,1157.425432,3159.576903,,manual_added,../reference_images/m0504_01_000031.jpg
m0504_01_000032.jpg,1157.425432,3130.506180,,manual_added,../reference_images/m0504_01_000032.jpg
m0504_01_000033.jpg,1157.425432,3101.435458,,manual_added,../reference_images/m0504_01_000033.jpg
m0504_01_000034.jpg,1157.425432,3072.364735,,manual_added,../reference_images/m0504_01_000034.jpg
m0504_01_000035.jpg,1157.425432,3043.294012,,manual_added,../reference_images/m0504_01_000035.jpg
m0504_01_000036.jpg,1157.425432,3014.223289,,manual_added,../reference_images/m0504_01_000036.jpg
m0504_01_000037.jpg,1157.425432,2985.152567,,manual_added,../reference_images/m0504_01_000037.jpg
m0504_01_000038.jpg,1157.425432,2956.081844,,manual_added,../reference_images/m0504_01_000038.jpg
m0504_01_000039.jpg,1157.425432,2927.011121,,manual_added,../reference_images/m0504_01_000039.jpg
m0504_01_000040.jpg,1157.425432,2897.940398,,manual_added,../reference_images/m0504_01_000040.jpg
m0504_01_000041.jpg,1157.425432,2868.869675,,manual_added,../reference_images/m0504_01_000041.jpg
m0504_01_000042.jpg,1157.425432,2839.798953,,manual_added,../reference_images/m0504_01_000042.jpg
m0504_01_000043.jpg,1157.425432,2810.728230,,manual_added,../reference_images/m0504_01_000043.jpg
m0504_01_000044.jpg,1157.425432,2781.657507,,manual_added,../reference_images/m0504_01_000044.jpg
m0504_01_000045.jpg,1157.425432,2752.586784,,manual_added,../reference_images/m0504_01_000045.jpg
m0504_01_000046.jpg,1157.425432,2723.516061,,manual_added,../reference_images/m0504_01_000046.jpg
m0504_01_000047.jpg,1157.425432,2694.445339,,manual_added,../reference_images/m0504_01_000047.jpg
m0504_01_000048.jpg,1157.425432,2665.374616,,manual_added,../reference_images/m0504_01_000048.jpg
m0504_01_000049.jpg,1157.425432,2636.303893,,manual_added,../reference_images/m0504_01_000049.jpg
m0504_01_000050.jpg,1157.425432,2607.233170,,manual_added,../reference_images/m0504_01_000050.jpg
m0504_01_000051.jpg,1157.425432,2578.162447,,manual_added,../reference_images/m0504_01_000051.jpg
m0504_01_000052.jpg,1157.425432,2549.091725,,manual_added,../reference_images/m0504_01_000052.jpg
m0504_01_000053.jpg,1157.425432,2520.021002,,manual_added,../reference_images/m0504_01_000053.jpg
m0504_01_000054.jpg,1157.425432,2490.950279,,manual_added,../reference_images/m0504_01_000054.jpg
m0504_01_000055.jpg,1157.425432,2461.879556,,manual_added,../reference_images/m0504_01_000055.jpg
m0504_01_000056.jpg,1157.425432,2432.808833,,manual_added,../reference_images/m0504_01_000056.jpg
m0504_01_000057.jpg,1157.425432,2403.738111,,manual_added,../reference_images/m0504_01_000057.jpg
m0504_01_000058.jpg,1157.425432,2374.667388,,manual_added,../reference_images/m0504_01_000058.jpg
m0504_01_000059.jpg,1157.425432,2345.596665,,manual_added,../reference_images/m0504_01_000059.jpg
m0504_01_000060.jpg,1157.425432,2316.525942,,manual_added,../reference_images/m0504_01_000060.jpg
m0504_01_000061.jpg,1157.425432,2287.455219,,manual_added,../reference_images/m0504_01_000061.jpg
m0504_01_000062.jpg,1157.425432,2258.384497,,manual_added,../reference_images/m0504_01_000062.jpg
m0504_01_000063.jpg,1157.425432,2229.313774,,manual_added,../reference_images/m0504_01_000063.jpg
m0504_01_000064.jpg,1157.425432,2200.243051,,manual_added,../reference_images/m0504_01_000064.jpg
m0504_01_000065.jpg,1157.425432,2171.172328,,manual_added,../reference_images/m0504_01_000065.jpg
m0504_01_000066.jpg,1157.425432,2142.101605,,manual_added,../reference_images/m0504_01_000066.jpg
m0504_01_000067.jpg,1157.425432,2113.030883,,manual_added,../reference_images/m0504_01_000067.jpg
m0504_01_000068.jpg,1157.425432,2083.960160,,manual_added,../reference_images/m0504_01_000068.jpg
m0504_01_000069.jpg,1157.425432,2054.889437,,manual_added,../reference_images/m0504_01_000069.jpg
m0504_01_000070.jpg,1157.425432,2025.818714,,manual_added,../reference_images/m0504_01_000070.jpg
m0504_01_000071.jpg,1157.425432,1996.747992,,manual_added,../reference_images/m0504_01_000071.jpg
m0504_01_000072.jpg,1157.425432,1967.677269,,manual_added,../reference_images/m0504_01_000072.jpg
m0504_01_000073.jpg,1157.425432,1938.606546,,manual_added,../reference_images/m0504_01_000073.jpg
m0504_01_000074.jpg,1157.425432,1909.535823,,manual_added,../reference_images/m0504_01_000074.jpg
m0504_01_000075.jpg,1157.425432,1880.465100,,manual_added,../reference_images/m0504_01_000075.jpg
m0504_01_000076.jpg,1157.425432,1851.394378,,manual_added,../reference_images/m0504_01_000076.jpg
m0504_01_000077.jpg,1157.425432,1822.323655,,manual_added,../reference_images/m0504_01_000077.jpg
m0504_01_000078.jpg,1157.425432,1793.252932,,manual_added,../reference_images/m0504_01_000078.jpg
m0504_01_000079.jpg,1157.425432,1764.182209,,manual_added,../reference_images/m0504_01_000079.jpg
m0504_01_000080.jpg,1157.425432,1735.111486,,manual_added,../reference_images/m0504_01_000080.jpg
m0504_01_000081.jpg,1157.425432,1706.040764,,manual_added,../reference_images/m0504_01_000081.jpg
m0504_01_000082.jpg,1157.425432,1676.970041,,manual_added,../reference_images/m0504_01_000082.jpg
m0504_01_000083.jpg,1157.425432,1647.899318,,manual_added,../reference_images/m0504_01_000083.jpg
m0504_01_000084.jpg,1157.425432,1618.828595,,manual_added,../reference_images/m0504_01_000084.jpg
m0504_01_000085.jpg,1157.425432,1589.757872,,manual_added,../reference_images/m0504_01_000085.jpg
m0504_01_000086.jpg,1157.425432,1560.687150,,manual_added,../reference_images/m0504_01_000086.jpg
m0504_01_000087.jpg,1157.425432,1531.616427,,manual_added,../reference_images/m0504_01_000087.jpg
m0504_01_000088.jpg,1157.425432,1502.545704,,manual_added,../reference_images/m0504_01_000088.jpg
m0504_01_000089.jpg,1157.425432,1473.474981,,manual_added,../reference_images/m0504_01_000089.jpg
m0504_01_000090.jpg,1157.425432,1444.404258,,manual_added,../reference_images/m0504_01_000090.jpg
m0504_01_000091.jpg,1157.425432,1415.333536,,manual_added,../reference_images/m0504_01_000091.jpg
m0504_01_000092.jpg,1157.425432,1386.262813,,manual_added,../reference_images/m0504_01_000092.jpg
m0504_01_000093.jpg,1157.425432,1357.192090,,manual_added,../reference_images/m0504_01_000093.jpg
m0504_01_000094.jpg,1157.425432,1328.121367,,manual_added,../reference_images/m0504_01_000094.jpg
m0504_01_000095.jpg,1157.425432,1299.050644,,manual_added,../reference_images/m0504_01_000095.jpg
m0504_01_000096.jpg,1157.425432,1269.979922,,manual_added,../reference_images/m0504_01_000096.jpg
m0504_01_000097.jpg,1157.425432,1240.909199,,manual_added,../reference_images/m0504_01_000097.jpg
m0504_01_000098.jpg,1157.425432,1211.838476,,manual_added,../reference_images/m0504_01_000098.jpg
m0504_01_000099.jpg,1157.425432,1182.767753,,manual_added,../reference_images/m0504_01_000099.jpg
m0504_01_000100.jpg,1157.425432,1153.697030,,manual_added,../reference_images/m0504_01_000100.jpg
m0504_01_000101.jpg,1157.425432,1124.626308,,manual_added,../reference_images/m0504_01_000101.jpg
m0504_01_000102.jpg,1157.425432,1095.555585,,manual_added,../reference_images/m0504_01_000102.jpg
m0504_01_000103.jpg,1157.425432,1066.484862,,manual_added,../reference_images/m0504_01_000103.jpg
m0504_01_000104.jpg,1157.425432,1037.414139,,manual_added,../reference_images/m0504_01_000104.jpg
m0504_01_000105.jpg,1157.425432,1008.343416,,manual_added,../reference_images/m0504_01_000105.jpg
m0504_01_000106.jpg,1157.425432,979.272694,,manual_added,../reference_images/m0504_01_000106.jpg
m0504_01_000107.jpg,1157.425432,950.201971,,manual_added,../reference_images/m0504_01_000107.jpg
m0504_01_000108.jpg,1157.425432,921.131248,,manual_added,../reference_images/m0504_01_000108.jpg
m0504_01_000109.jpg,1157.425432,892.060525,,manual_added,../reference_images/m0504_01_000109.jpg
m0504_01_000110.jpg,1157.425432,862.989803,,manual_added,../reference_images/m0504_01_000110.jpg
m0504_01_000111.jpg,1157.425432,833.919080,,manual_added,../reference_images/m0504_01_000111.jpg
m0504_01_000112.jpg,1157.425432,804.848357,,manual_added,../reference_images/m0504_01_000112.jpg
m0504_01_000113.jpg,1157.425432,775.777634,,manual_added,../reference_images/m0504_01_000113.jpg
m0504_01_000114.jpg,1157.425432,746.706911,,manual_added,../reference_images/m0504_01_000114.jpg
m0504_01_000115.jpg,1157.425432,717.636189,,manual_added,../reference_images/m0504_01_000115.jpg
m0504_01_000116.jpg,1157.425432,688.565466,,manual_added,../reference_images/m0504_01_000116.jpg
m0504_01_000117.jpg,1157.425432,659.494743,,manual_added,../reference_images/m0504_01_000117.jpg
m0504_01_000118.jpg,1157.425432,630.424020,,manual_added,../reference_images/m0504_01_000118.jpg
m0504_01_000119.jpg,1157.425432,601.353297,,manual_added,../reference_images/m0504_01_000119.jpg
m0504_01_000120.jpg,1157.425432,572.282575,,manual_added,../reference_images/m0504_01_000120.jpg
m0504_02_000001.jpg,1839.020408,552.992151,,manual_added,../reference_images/m0504_02_000001.jpg
m0504_02_000002.jpg,1839.217249,579.696921,,manual_added,../reference_images/m0504_02_000002.jpg
m0504_02_000003.jpg,1839.414090,606.401692,,manual_added,../reference_images/m0504_02_000003.jpg
m0504_02_000004.jpg,1839.610931,633.106462,,manual_added,../reference_images/m0504_02_000004.jpg
m0504_02_000005.jpg,1839.807772,659.811232,,manual_added,../reference_images/m0504_02_000005.jpg
m0504_02_000006.jpg,1840.004613,686.516003,,manual_added,../reference_images/m0504_02_000006.jpg
m0504_02_000007.jpg,1840.201455,713.220773,,manual_added,../reference_images/m0504_02_000007.jpg
m0504_02_000008.jpg,1840.398296,739.925544,,manual_added,../reference_images/m0504_02_000008.jpg
m0504_02_000009.jpg,1840.595137,766.630314,,manual_added,../reference_images/m0504_02_000009.jpg
m0504_02_000010.jpg,1840.791978,793.335085,,manual_added,../reference_images/m0504_02_000010.jpg
m0504_02_000011.jpg,1840.988819,820.039855,,manual_added,../reference_images/m0504_02_000011.jpg
m0504_02_000012.jpg,1841.185660,846.744626,,manual_added,../reference_images/m0504_02_000012.jpg
m0504_02_000013.jpg,1841.382501,873.449396,,manual_added,../reference_images/m0504_02_000013.jpg
m0504_02_000014.jpg,1841.579342,900.154167,,manual_added,../reference_images/m0504_02_000014.jpg
m0504_02_000015.jpg,1841.776183,926.858937,,manual_added,../reference_images/m0504_02_000015.jpg
m0504_02_000016.jpg,1841.973024,953.563707,,manual_added,../reference_images/m0504_02_000016.jpg
m0504_02_000017.jpg,1842.169865,980.268478,,manual_added,../reference_images/m0504_02_000017.jpg
m0504_02_000018.jpg,1842.366706,1006.973248,,manual_added,../reference_images/m0504_02_000018.jpg
m0504_02_000019.jpg,1842.563547,1033.678019,,manual_added,../reference_images/m0504_02_000019.jpg
m0504_02_000020.jpg,1842.760388,1060.382789,,manual_added,../reference_images/m0504_02_000020.jpg
m0504_02_000021.jpg,1842.957229,1087.087560,,manual_added,../reference_images/m0504_02_000021.jpg
m0504_02_000022.jpg,1843.154070,1113.792330,,manual_added,../reference_images/m0504_02_000022.jpg
m0504_02_000023.jpg,1843.350911,1140.497101,,manual_added,../reference_images/m0504_02_000023.jpg
m0504_02_000024.jpg,1843.547753,1167.201871,,manual_added,../reference_images/m0504_02_000024.jpg
m0504_02_000025.jpg,1843.744594,1193.906641,,manual_added,../reference_images/m0504_02_000025.jpg
m0504_02_000026.jpg,1843.941435,1220.611412,,manual_added,../reference_images/m0504_02_000026.jpg
m0504_02_000027.jpg,1844.138276,1247.316182,,manual_added,../reference_images/m0504_02_000027.jpg
m0504_02_000028.jpg,1844.335117,1274.020953,,manual_added,../reference_images/m0504_02_000028.jpg
m0504_02_000029.jpg,1844.531958,1300.725723,,manual_added,../reference_images/m0504_02_000029.jpg
m0504_02_000030.jpg,1844.728799,1327.430494,,manual_added,../reference_images/m0504_02_000030.jpg
m0504_02_000031.jpg,1844.925640,1354.135264,,manual_added,../reference_images/m0504_02_000031.jpg
m0504_02_000032.jpg,1845.122481,1380.840035,,manual_added,../reference_images/m0504_02_000032.jpg
m0504_02_000033.jpg,1845.319322,1407.544805,,manual_added,../reference_images/m0504_02_000033.jpg
m0504_02_000034.jpg,1845.516163,1434.249575,,manual_added,../reference_images/m0504_02_000034.jpg
m0504_02_000035.jpg,1845.713004,1460.954346,,manual_added,../reference_images/m0504_02_000035.jpg
m0504_02_000036.jpg,1845.909845,1487.659116,,manual_added,../reference_images/m0504_02_000036.jpg
m0504_02_000037.jpg,1846.106686,1514.363887,,manual_added,../reference_images/m0504_02_000037.jpg
m0504_02_000038.jpg,1846.303527,1541.068657,,manual_added,../reference_images/m0504_02_000038.jpg
m0504_02_000039.jpg,1846.500368,1567.773428,,manual_added,../reference_images/m0504_02_000039.jpg
m0504_02_000040.jpg,1846.697209,1594.478198,,manual_added,../reference_images/m0504_02_000040.jpg
m0504_02_000041.jpg,1846.894051,1621.182969,,manual_added,../reference_images/m0504_02_000041.jpg
m0504_02_000042.jpg,1847.090892,1647.887739,,manual_added,../reference_images/m0504_02_000042.jpg
m0504_02_000043.jpg,1847.287733,1674.592510,,manual_added,../reference_images/m0504_02_000043.jpg
m0504_02_000044.jpg,1847.484574,1701.297280,,manual_added,../reference_images/m0504_02_000044.jpg
m0504_02_000045.jpg,1847.681415,1728.002050,,manual_added,../reference_images/m0504_02_000045.jpg
m0504_02_000046.jpg,1847.878256,1754.706821,,manual_added,../reference_images/m0504_02_000046.jpg
m0504_02_000047.jpg,1848.075097,1781.411591,,manual_added,../reference_images/m0504_02_000047.jpg
m0504_02_000048.jpg,1848.271938,1808.116362,,manual_added,../reference_images/m0504_02_000048.jpg
m0504_02_000049.jpg,1848.468779,1834.821132,,manual_added,../reference_images/m0504_02_000049.jpg
m0504_02_000050.jpg,1848.665620,1861.525903,,manual_added,../reference_images/m0504_02_000050.jpg
m0504_02_000051.jpg,1848.862461,1888.230673,,manual_added,../reference_images/m0504_02_000051.jpg
m0504_02_000052.jpg,1849.059302,1914.935444,,manual_added,../reference_images/m0504_02_000052.jpg
m0504_02_000053.jpg,1849.256143,1941.640214,,manual_added,../reference_images/m0504_02_000053.jpg
m0504_02_000054.jpg,1849.452984,1968.344984,,manual_added,../reference_images/m0504_02_000054.jpg
m0504_02_000055.jpg,1849.649825,1995.049755,,manual_added,../reference_images/m0504_02_000055.jpg
m0504_02_000056.jpg,1849.846666,2021.754525,,manual_added,../reference_images/m0504_02_000056.jpg
m0504_02_000057.jpg,1850.043508,2048.459296,,manual_added,../reference_images/m0504_02_000057.jpg
m0504_02_000058.jpg,1850.240349,2075.164066,,manual_added,../reference_images/m0504_02_000058.jpg
m0504_02_000059.jpg,1850.437190,2101.868837,,manual_added,../reference_images/m0504_02_000059.jpg
m0504_02_000060.jpg,1850.634031,2128.573607,,manual_added,../reference_images/m0504_02_000060.jpg
m0504_02_000061.jpg,1850.830872,2155.278378,,manual_added,../reference_images/m0504_02_000061.jpg
m0504_02_000062.jpg,1851.027713,2181.983148,,manual_added,../reference_images/m0504_02_000062.jpg
m0504_02_000063.jpg,1851.224554,2208.687918,,manual_added,../reference_images/m0504_02_000063.jpg
m0504_02_000064.jpg,1851.421395,2235.392689,,manual_added,../reference_images/m0504_02_000064.jpg
m0504_02_000065.jpg,1851.618236,2262.097459,,manual_added,../reference_images/m0504_02_000065.jpg
m0504_02_000066.jpg,1851.815077,2288.802230,,manual_added,../reference_images/m0504_02_000066.jpg
m0504_02_000067.jpg,1852.011918,2315.507000,,manual_added,../reference_images/m0504_02_000067.jpg
m0504_02_000068.jpg,1852.208759,2342.211771,,manual_added,../reference_images/m0504_02_000068.jpg
m0504_02_000069.jpg,1852.405600,2368.916541,,manual_added,../reference_images/m0504_02_000069.jpg
m0504_02_000070.jpg,1852.602441,2395.621312,,manual_added,../reference_images/m0504_02_000070.jpg
m0504_02_000071.jpg,1852.799282,2422.326082,,manual_added,../reference_images/m0504_02_000071.jpg
m0504_02_000072.jpg,1852.996123,2449.030853,,manual_added,../reference_images/m0504_02_000072.jpg
m0504_02_000073.jpg,1853.192964,2475.735623,,manual_added,../reference_images/m0504_02_000073.jpg
m0504_02_000074.jpg,1853.389806,2502.440393,,manual_added,../reference_images/m0504_02_000074.jpg
m0504_02_000075.jpg,1853.586647,2529.145164,,manual_added,../reference_images/m0504_02_000075.jpg
m0504_02_000076.jpg,1853.783488,2555.849934,,manual_added,../reference_images/m0504_02_000076.jpg
m0504_02_000077.jpg,1853.980329,2582.554705,,manual_added,../reference_images/m0504_02_000077.jpg
m0504_02_000078.jpg,1854.177170,2609.259475,,manual_added,../reference_images/m0504_02_000078.jpg
m0504_02_000079.jpg,1854.374011,2635.964246,,manual_added,../reference_images/m0504_02_000079.jpg
m0504_02_000080.jpg,1854.570852,2662.669016,,manual_added,../reference_images/m0504_02_000080.jpg
m0504_02_000081.jpg,1854.767693,2689.373787,,manual_added,../reference_images/m0504_02_000081.jpg
m0504_02_000082.jpg,1854.964534,2716.078557,,manual_added,../reference_images/m0504_02_000082.jpg
m0504_02_000083.jpg,1855.161375,2742.783327,,manual_added,../reference_images/m0504_02_000083.jpg
m0504_02_000084.jpg,1855.358216,2769.488098,,manual_added,../reference_images/m0504_02_000084.jpg
m0504_02_000085.jpg,1855.555057,2796.192868,,manual_added,../reference_images/m0504_02_000085.jpg
m0504_02_000086.jpg,1855.751898,2822.897639,,manual_added,../reference_images/m0504_02_000086.jpg
m0504_02_000087.jpg,1855.948739,2849.602409,,manual_added,../reference_images/m0504_02_000087.jpg
m0504_02_000088.jpg,1856.145580,2876.307180,,manual_added,../reference_images/m0504_02_000088.jpg
m0504_02_000089.jpg,1856.342421,2903.011950,,manual_added,../reference_images/m0504_02_000089.jpg
m0504_02_000090.jpg,1856.539262,2929.716721,,manual_added,../reference_images/m0504_02_000090.jpg
m0504_02_000091.jpg,1856.736104,2956.421491,,manual_added,../reference_images/m0504_02_000091.jpg
m0504_02_000092.jpg,1856.932945,2983.126261,,manual_added,../reference_images/m0504_02_000092.jpg
m0504_02_000093.jpg,1857.129786,3009.831032,,manual_added,../reference_images/m0504_02_000093.jpg
m0504_02_000094.jpg,1857.326627,3036.535802,,manual_added,../reference_images/m0504_02_000094.jpg
m0504_02_000095.jpg,1857.523468,3063.240573,,manual_added,../reference_images/m0504_02_000095.jpg
m0504_02_000096.jpg,1857.720309,3089.945343,,manual_added,../reference_images/m0504_02_000096.jpg
m0504_02_000097.jpg,1857.917150,3116.650114,,manual_added,../reference_images/m0504_02_000097.jpg
m0504_02_000098.jpg,1858.113991,3143.354884,,manual_added,../reference_images/m0504_02_000098.jpg
m0504_02_000099.jpg,1858.310832,3170.059655,,manual_added,../reference_images/m0504_02_000099.jpg
m0506_02_000001.jpg,1768.288854,501.551020,,manual_added,../reference_images/m0506_02_000001.jpg
m0506_02_000002.jpg,1754.385846,501.898596,,manual_added,../reference_images/m0506_02_000002.jpg
m0506_02_000003.jpg,1740.482838,502.246171,,manual_added,../reference_images/m0506_02_000003.jpg
m0506_02_000004.jpg,1726.579829,502.593746,,manual_added,../reference_images/m0506_02_000004.jpg
m0506_02_000005.jpg,1712.676821,502.941321,,manual_added,../reference_images/m0506_02_000005.jpg
m0506_02_000006.jpg,1698.773813,503.288896,,manual_added,../reference_images/m0506_02_000006.jpg
m0506_02_000007.jpg,1684.870805,503.636472,,manual_added,../reference_images/m0506_02_000007.jpg
m0506_02_000008.jpg,1670.967797,503.984047,,manual_added,../reference_images/m0506_02_000008.jpg
m0506_02_000009.jpg,1657.064788,504.331622,,manual_added,../reference_images/m0506_02_000009.jpg
m0506_02_000010.jpg,1643.161780,504.679197,,manual_added,../reference_images/m0506_02_000010.jpg
m0506_02_000011.jpg,1629.258772,505.026772,,manual_added,../reference_images/m0506_02_000011.jpg
m0506_02_000012.jpg,1615.355764,505.374348,,manual_added,../reference_images/m0506_02_000012.jpg
m0506_02_000013.jpg,1601.452756,505.721923,,manual_added,../reference_images/m0506_02_000013.jpg
m0506_02_000014.jpg,1587.549748,506.069498,,manual_added,../reference_images/m0506_02_000014.jpg
m0506_02_000015.jpg,1573.646739,506.417073,,manual_added,../reference_images/m0506_02_000015.jpg
m0506_02_000016.jpg,1559.743731,506.764648,,manual_added,../reference_images/m0506_02_000016.jpg
m0506_02_000017.jpg,1545.840723,507.112224,,manual_added,../reference_images/m0506_02_000017.jpg
m0506_02_000018.jpg,1531.937715,507.459799,,manual_added,../reference_images/m0506_02_000018.jpg
m0506_02_000019.jpg,1518.034707,507.807374,,manual_added,../reference_images/m0506_02_000019.jpg
m0506_02_000020.jpg,1504.131698,508.154949,,manual_added,../reference_images/m0506_02_000020.jpg
m0506_02_000021.jpg,1490.228690,508.502525,,manual_added,../reference_images/m0506_02_000021.jpg
m0506_02_000022.jpg,1476.325682,508.850100,,manual_added,../reference_images/m0506_02_000022.jpg
m0506_02_000023.jpg,1462.422674,509.197675,,manual_added,../reference_images/m0506_02_000023.jpg
m0506_02_000024.jpg,1448.519666,509.545250,,manual_added,../reference_images/m0506_02_000024.jpg
m0506_02_000025.jpg,1434.616657,509.892825,,manual_added,../reference_images/m0506_02_000025.jpg
m0506_02_000026.jpg,1420.713649,510.240401,,manual_added,../reference_images/m0506_02_000026.jpg
m0506_02_000027.jpg,1406.810641,510.587976,,manual_added,../reference_images/m0506_02_000027.jpg
m0506_02_000028.jpg,1392.907633,510.935551,,manual_added,../reference_images/m0506_02_000028.jpg
m0506_02_000029.jpg,1379.004625,511.283126,,manual_added,../reference_images/m0506_02_000029.jpg
m0506_02_000030.jpg,1365.101617,511.630701,,manual_added,../reference_images/m0506_02_000030.jpg
m0506_02_000031.jpg,1351.198608,511.978277,,manual_added,../reference_images/m0506_02_000031.jpg
m0506_02_000032.jpg,1337.295600,512.325852,,manual_added,../reference_images/m0506_02_000032.jpg
m0506_02_000033.jpg,1323.392592,512.673427,,manual_added,../reference_images/m0506_02_000033.jpg
m0506_02_000034.jpg,1309.489584,513.021002,,manual_added,../reference_images/m0506_02_000034.jpg
m0506_02_000035.jpg,1295.586576,513.368577,,manual_added,../reference_images/m0506_02_000035.jpg
m0506_02_000036.jpg,1281.683567,513.716153,,manual_added,../reference_images/m0506_02_000036.jpg
m0506_02_000037.jpg,1267.780559,514.063728,,manual_added,../reference_images/m0506_02_000037.jpg
m0506_02_000038.jpg,1253.877551,514.411303,,manual_added,../reference_images/m0506_02_000038.jpg
m0506_03_000003.jpg,1260.307692,501.551020,,manual_added,../reference_images/m0506_03_000003.jpg
m0506_03_000004.jpg,1272.270746,501.251944,,manual_added,../reference_images/m0506_03_000004.jpg
m0506_03_000005.jpg,1284.233799,500.952868,,manual_added,../reference_images/m0506_03_000005.jpg
m0506_03_000006.jpg,1296.196853,500.653791,,manual_added,../reference_images/m0506_03_000006.jpg
m0506_03_000007.jpg,1308.159907,500.354715,,manual_added,../reference_images/m0506_03_000007.jpg
m0506_03_000008.jpg,1320.122960,500.055639,,manual_added,../reference_images/m0506_03_000008.jpg
m0506_03_000009.jpg,1332.086014,499.756562,,manual_added,../reference_images/m0506_03_000009.jpg
m0506_03_000010.jpg,1344.049067,499.457486,,manual_added,../reference_images/m0506_03_000010.jpg
m0506_03_000011.jpg,1356.012121,499.158410,,manual_added,../reference_images/m0506_03_000011.jpg
m0506_03_000012.jpg,1367.975174,498.859333,,manual_added,../reference_images/m0506_03_000012.jpg
m0506_03_000013.jpg,1379.938228,498.560257,,manual_added,../reference_images/m0506_03_000013.jpg
m0506_03_000014.jpg,1391.901281,498.261181,,manual_added,../reference_images/m0506_03_000014.jpg
m0506_03_000015.jpg,1403.864335,497.962104,,manual_added,../reference_images/m0506_03_000015.jpg
m0506_03_000016.jpg,1415.827389,497.663028,,manual_added,../reference_images/m0506_03_000016.jpg
m0506_03_000017.jpg,1427.790442,497.363952,,manual_added,../reference_images/m0506_03_000017.jpg
m0506_03_000018.jpg,1439.753496,497.064875,,manual_added,../reference_images/m0506_03_000018.jpg
m0506_03_000019.jpg,1451.716549,496.765799,,manual_added,../reference_images/m0506_03_000019.jpg
m0506_03_000020.jpg,1463.679603,496.466723,,manual_added,../reference_images/m0506_03_000020.jpg
m0506_03_000021.jpg,1475.642656,496.167646,,manual_added,../reference_images/m0506_03_000021.jpg
m0506_03_000022.jpg,1487.605710,495.868570,,manual_added,../reference_images/m0506_03_000022.jpg
m0506_03_000023.jpg,1499.568763,495.569494,,manual_added,../reference_images/m0506_03_000023.jpg
m0506_03_000024.jpg,1511.531817,495.270417,,manual_added,../reference_images/m0506_03_000024.jpg
m0506_03_000025.jpg,1523.494871,494.971341,,manual_added,../reference_images/m0506_03_000025.jpg
m0506_03_000026.jpg,1535.457924,494.672265,,manual_added,../reference_images/m0506_03_000026.jpg
m0506_03_000027.jpg,1547.420978,494.373188,,manual_added,../reference_images/m0506_03_000027.jpg
m0506_03_000028.jpg,1559.384031,494.074112,,manual_added,../reference_images/m0506_03_000028.jpg
m0506_03_000029.jpg,1571.347085,493.775036,,manual_added,../reference_images/m0506_03_000029.jpg
m0506_03_000030.jpg,1583.310138,493.475959,,manual_added,../reference_images/m0506_03_000030.jpg
m0506_03_000031.jpg,1595.273192,493.176883,,manual_added,../reference_images/m0506_03_000031.jpg
m0506_03_000032.jpg,1607.236245,492.877807,,manual_added,../reference_images/m0506_03_000032.jpg
m0506_03_000033.jpg,1619.199299,492.578730,,manual_added,../reference_images/m0506_03_000033.jpg
m0506_03_000034.jpg,1631.162353,492.279654,,manual_added,../reference_images/m0506_03_000034.jpg
m0506_03_000035.jpg,1643.125406,491.980578,,manual_added,../reference_images/m0506_03_000035.jpg
m0506_03_000036.jpg,1655.088460,491.681501,,manual_added,../reference_images/m0506_03_000036.jpg
m0506_03_000037.jpg,1667.051513,491.382425,,manual_added,../reference_images/m0506_03_000037.jpg
m0506_03_000038.jpg,1679.014567,491.083349,,manual_added,../reference_images/m0506_03_000038.jpg
m0506_03_000039.jpg,1690.977620,490.784272,,manual_added,../reference_images/m0506_03_000039.jpg
m0506_03_000040.jpg,1702.940674,490.485196,,manual_added,../reference_images/m0506_03_000040.jpg
m0506_03_000041.jpg,1714.903728,490.186120,,manual_added,../reference_images/m0506_03_000041.jpg
m0506_03_000042.jpg,1726.866781,489.887043,,manual_added,../reference_images/m0506_03_000042.jpg
m0506_03_000043.jpg,1738.829835,489.587967,,manual_added,../reference_images/m0506_03_000043.jpg
m0506_03_000044.jpg,1750.792888,489.288891,,manual_added,../reference_images/m0506_03_000044.jpg
m0506_03_000045.jpg,1762.755942,488.989814,,manual_added,../reference_images/m0506_03_000045.jpg
m0506_03_000046.jpg,1774.718995,488.690738,,manual_added,../reference_images/m0506_03_000046.jpg
