image_id,image_name,x_world,y_world,z_world,u_floorplan,v_floorplan,is_control_point
1,frame_000001.jpg,0.6984305184188162,-0.4168359901865059,5.340644641216697,1227.3765397470033,20.6919356188007,1
2,frame_000002.jpg,0.6924294485637819,-0.41718582766963835,5.341129707621402,1225.4104254205058,21.39612857034399,0
3,frame_000003.jpg,0.6790076787231799,-0.41959578236372863,5.344083180116683,1220.845910518809,22.391290444418246,0
4,frame_000004.jpg,0.6583992060118147,-0.4228141955275722,5.347383878615412,1213.947741683341,24.302280514228187,0
5,frame_000005.jpg,0.6387058954950942,-0.42371090188887023,5.3407070037892215,1208.2354473880719,29.17889506324491,0
6,frame_000006.jpg,0.6124470348020592,-0.4230659661074213,5.318046095069955,1201.8496176483723,39.950338511762766,0
7,frame_000007.jpg,0.5936776075109482,-0.4250890434467837,5.304735233223359,1197.0268524616934,46.753845436680194,0
8,frame_000008.jpg,0.5656132246487305,-0.4222211821053637,5.283911536149085,1189.898171912166,57.21236817410454,0
9,frame_000009.jpg,0.5311048927909147,-0.42481703696255135,5.2655653442218915,1180.483223552181,67.8199222030878,1
10,frame_000010.jpg,0.49739938141273393,-0.428634185239264,5.243717255352583,1171.6387985719139,79.3997467344916,0
11,frame_000011.jpg,0.4728462911232349,-0.42778140365524214,5.219635331381522,1165.9266238889084,90.36917543976779,0
12,frame_000012.jpg,0.4549225522392497,-0.4305688369890577,5.182105184511276,1163.5416330004523,104.56729908695525,0
13,frame_000013.jpg,0.43881105402069126,-0.42794191041877827,5.147519517077281,1161.473843406789,117.59366331888782,0
14,frame_000014.jpg,0.41729558453488325,-0.4289187265925271,5.117833617595553,1157.2362785606692,129.8693293159306,0
15,frame_000015.jpg,0.4000616195249091,-0.427849248159942,5.080394901204083,1155.064108279883,143.94084136618017,0
16,frame_000016.jpg,0.39897081955715713,-0.4225035211301318,5.046745381297587,1157.7251319476036,154.53739530941812,0
17,frame_000017.jpg,0.4077927228214423,-0.4182319661494313,5.010002659530703,1163.8388817527207,164.68192497674272,0
18,frame_000018.jpg,0.4140096025874268,-0.4106982347978056,4.975949080195619,1168.8774045208095,174.3630555222801,0
19,frame_000019.jpg,0.42010921563471665,-0.40577877404073653,4.934070912193653,1174.5783956146174,186.48879961048806,0
20,frame_000020.jpg,0.4344838508117751,-0.3973437660594806,4.90023620231893,1182.2110466953031,194.94014408414318,1
21,frame_000021.jpg,0.46164372533231046,-0.3891892393748026,4.881958120735244,1192.5482335153338,196.74343801999794,0
22,frame_000022.jpg,0.4875567995582599,-0.3827764042841486,4.849494456947097,1203.7550880105846,203.12598896588543,0
23,frame_000023.jpg,0.5046340437340455,-0.3722119256650226,4.81269340326949,1212.519032394248,212.11284742369958,0
24,frame_000024.jpg,0.5169138144384992,-0.3691811362199475,4.768572204581194,1220.4007960304439,224.05437515285303,0
25,frame_000025.jpg,0.5284575990560128,-0.3642645793101343,4.729909039878919,1227.5584406254602,234.40713865540943,0
26,frame_000026.jpg,0.5401058478272777,-0.35790165428407933,4.677477723715811,1235.981346079888,249.01717897453545,0
27,frame_000027.jpg,0.5337078416465942,-0.35205630326571585,4.624957142849295,1238.630295078117,266.2251645964245,0
28,frame_000028.jpg,0.5173457270536724,-0.34723551259773155,4.578557646048008,1237.539153329261,282.95296653561877,0
29,frame_000029.jpg,0.4966709554456623,-0.3498451559394981,4.531127323493231,1235.158479344831,300.61485844266826,0
30,frame_000030.jpg,0.4794686036037791,-0.3476016874541701,4.491119491330912,1233.2262880818207,315.4790455206353,0
31,frame_000031.jpg,0.46011552329035676,-0.3483420790267715,4.445623915046177,1231.0959829661897,332.35235746322064,0
32,frame_000032.jpg,0.4272221534966289,-0.34902738836243014,4.4125261738193435,1223.5182338699997,347.3071959164645,0
33,frame_000033.jpg,0.3897472585380609,-0.35672629317446064,4.389983365471311,1213.5282688149612,359.63944313616844,0
34,frame_000034.jpg,0.3571335658959506,-0.36095301211458564,4.364809915601007,1205.3311669290551,372.09559965307744,0
35,frame_000035.jpg,0.3332454511435386,-0.36113463671140816,4.332812169355878,1200.5402500041682,385.4265397570239,0
36,frame_000036.jpg,0.30491041285514425,-0.36583203897937716,4.301371765653178,1194.274694259539,399.21789597606494,0
37,frame_000037.jpg,0.2717341360018224,-0.367611595455082,4.281185950329124,1185.4511156323006,410.20655286888973,0
38,frame_000038.jpg,0.23494247976004054,-0.37453927529018427,4.26067557463854,1175.4982223007626,421.810840699615,1
39,frame_000039.jpg,0.20337146036162684,-0.3749608278934294,4.230498110569722,1168.0828810561084,435.6712023981247,0
40,frame_000040.jpg,0.17904074146767862,-0.378922756261489,4.196589620390934,1163.3211036055825,449.6580702805875,0
41,frame_000041.jpg,0.15273194702352066,-0.38050853584606514,4.163372019728704,1157.8637476331496,463.71228870149207,0
42,frame_000042.jpg,0.1291051019885291,-0.38165065191227243,4.133943130861781,1152.9267132281686,476.20891995967895,0
43,frame_000043.jpg,0.108801232484838,-0.38522685737030044,4.102693782340039,1149.2172164356843,488.7971498364916,0
44,frame_000044.jpg,0.09716888782131525,-0.3811059216158179,4.069037426778787,1148.5013859660764,500.89720974888405,0
45,frame_000045.jpg,0.0912271226736184,-0.3798488282157077,4.02871491688167,1150.205191552249,514.2552441495718,0
46,frame_000046.jpg,0.07990529483086319,-0.37643604792173413,3.9897931409743546,1150.0599290904904,527.9448993848398,0
47,frame_000047.jpg,0.06300624671589557,-0.376596466684134,3.9520124284531213,1148.025662009246,542.0748295842739,0
48,frame_000048.jpg,0.054256337390280004,-0.37505506400441735,3.912588385263367,1148.7493674009197,555.5540278127746,0
49,frame_000049.jpg,0.055218651057014116,-0.3693261774064013,3.872985950041067,1152.60078752247,567.7053114177311,0
50,frame_000050.jpg,0.06185134572135712,-0.36500691016045983,3.8278104115553933,1158.7675805154615,580.7782806628238,0
51,frame_000051.jpg,0.06280955881894103,-0.3563804143982206,3.785440032272924,1162.8653256362804,593.7890207848484,0
52,frame_000052.jpg,0.0621566753989705,-0.35492437225937556,3.736965579432066,1166.9929936246967,608.923270861425,0
53,frame_000053.jpg,0.0726838165922434,-0.34705378748006865,3.693551220657484,1174.2499836535005,620.895090571333,0
54,frame_000054.jpg,0.09181894049545344,-0.3388383908404163,3.653359745776289,1183.9765936503024,630.6408769797276,0
55,frame_000055.jpg,0.10903420373401199,-0.33141946872883304,3.6143599077570108,1192.9814767153262,640.2903444581059,0
56,frame_000056.jpg,0.12083702888474736,-0.32017713267135695,3.5744752439733007,1200.3314002704374,650.9852360757118,0
57,frame_000057.jpg,0.13510911277898616,-0.31650170687284296,3.5266492039380286,1209.1829524131033,663.7925923393318,0
58,frame_000058.jpg,0.15181935590230505,-0.3083191294008888,3.4873461966354786,1218.0531527530488,673.6080587446775,0
59,frame_000059.jpg,0.1695421545103522,-0.29904621875586007,3.4359943530996877,1228.325741070209,687.017975842338,1
60,frame_000060.jpg,0.17590821726852,-0.2929171041876814,3.3903388223605924,1234.4500496642486,700.2778583061365,0
61,frame_000061.jpg,0.1710949760717706,-0.29214027790621916,3.343225367600641,1237.1229928688158,715.5823418755183,0
62,frame_000062.jpg,0.1633073434324449,-0.28579546236747694,3.288562427405413,1239.518381317077,733.6530039531879,0
63,frame_000063.jpg,0.15780097356081452,-0.2796940117237313,3.23574208437518,1242.4798254936513,750.8270117897484,0
64,frame_000064.jpg,0.14693408531608723,-0.2785094318497425,3.182424130716285,1243.768302156157,768.9188990917377,0
65,frame_000065.jpg,0.12515788398362565,-0.27678402274475034,3.1425029053889824,1240.3629207094773,784.4076455741126,0
66,frame_000066.jpg,0.09643548762624193,-0.279778681858953,3.102137999228296,1234.771702831029,801.0233783182001,0
67,frame_000067.jpg,0.06796216877546633,-0.2804384497282511,3.0590606415184998,1229.502962389769,818.4452896477319,0
68,frame_000068.jpg,0.04944543355526915,-0.2872202055763395,3.0204398774090024,1227.0255519376842,833.0662815347036,0
69,frame_000069.jpg,0.0218606995010304,-0.29188863526992603,2.983976059545066,1221.449818708344,848.3095034060553,0
70,frame_000070.jpg,-0.010233924780481372,-0.29501390076753636,2.9571892939763194,1213.5633621203388,861.1923312284123,0
71,frame_000071.jpg,-0.0426318585022855,-0.3007249121671005,2.925056664315754,1206.0580032752318,875.7771399911248,0
72,frame_000072.jpg,-0.06933280556392162,-0.29976823874616876,2.8892852462351524,1200.7034848876758,890.6796415341631,0
73,frame_000073.jpg,-0.09822877975873914,-0.3029617699096705,2.851190796974168,1194.8535231421888,906.6155902717991,0
74,frame_000074.jpg,-0.13245270931169917,-0.3019996571411758,2.8189611382972264,1186.771803931012,921.4905748117822,0
75,frame_000075.jpg,-0.11828155559573773,-0.30444823558616474,2.897746429659616,1184.26352124386,895.0257499950045,0
76,frame_000076.jpg,-0.1550760177486236,-0.3080776217785792,2.860560272325181,1175.8016559627395,911.8048086945963,0
77,frame_000077.jpg,-0.18313808975706214,-0.30861353090884913,2.8163100445061082,1170.7696100567314,929.5320808684285,0
78,frame_000078.jpg,-0.20843018823378412,-0.3128865395627643,2.7809498083115907,1165.8296936283343,944.1063397418843,0
79,frame_000079.jpg,-0.23541668127260615,-0.31254737232527585,2.7463566355630316,1160.2782738200956,958.6839095386412,0
80,frame_000080.jpg,-0.26665647295369793,-0.3179825850667659,2.709031347054666,1153.6085487365795,974.715012814338,0
81,frame_000081.jpg,-0.29210359372307726,-0.3152992600464844,2.6641791130390287,1149.4681814944133,992.2566472684329,1
82,frame_000082.jpg,-0.3095230404344667,-0.3154329705697486,2.617588933069023,1148.0553348631006,1009.1942078490605,0
83,frame_000083.jpg,-0.3241042285963801,-0.31398524562667035,2.5791419174603942,1146.8233121023384,1023.2007645555746,0
84,frame_000084.jpg,-0.3407294604016532,-0.3118520519239287,2.5390433435131174,1145.0841459909036,1038.0109115181485,0
85,frame_000085.jpg,-0.3528791787716293,-0.31276228521184196,2.493006289998562,1145.3102113194836,1054.0262973013516,0
86,frame_000086.jpg,-0.3535239354961292,-0.3051303218541473,2.4513340607100425,1148.8319106136983,1067.0487104636486,0
87,frame_000087.jpg,-0.34835236496576916,-0.30144318589835023,2.4053761010333146,1154.600566339125,1080.5725605503262,0
88,frame_000088.jpg,-0.345617964823629,-0.29348926223528793,2.3580182012976603,1159.7136111355926,1094.8779168874962,0
89,frame_000089.jpg,-0.34629697558193934,-0.2911466400710413,2.315040673983977,1163.3411162832117,1108.3102329842325,0
90,frame_000090.jpg,-0.3365346800179872,-0.2822188331829565,2.272798262627268,1170.248202792386,1120.0273396429366,0
91,frame_000091.jpg,-0.3169251990624491,-0.2726815402017188,2.2360657395592565,1179.8173337707449,1128.6322784377703,0
92,frame_000092.jpg,-0.3003220256655081,-0.26869743388562284,2.192499276738397,1189.0346666995745,1139.7859128973819,0
93,frame_000093.jpg,-0.29024034693974143,-0.26321077859521097,2.1526365173485584,1195.8311826095762,1150.7191429075592,0
94,frame_000094.jpg,-0.2890907866168829,-0.2590550935241756,2.099242718238583,1200.976463488276,1167.1231156323868,0
95,frame_000095.jpg,-0.27540945780553094,-0.2513283387357365,2.0557343259261183,1209.2524545692359,1178.6748764598153,0
96,frame_000096.jpg,-0.26120750348232696,-0.24431901728288824,2.0091492173085603,1217.9705154668443,1191.10716915792,0
97,frame_000097.jpg,-0.2507846062059396,-0.23604212465403127,1.9610837685579718,1225.6102238351536,1204.5370345489764,0
98,frame_000098.jpg,-0.24620999389269735,-0.2315343428007694,1.915342917376256,1231.1681927292987,1218.0785395621665,0
99,frame_000099.jpg,-0.2409244650626353,-0.2254159731595931,1.8670805924905414,1237.1795241419513,1232.3011864951914,0
100,frame_000100.jpg,-0.22967417617574495,-0.21681394471767618,1.8226606557921958,1244.758173322048,1244.4820348873877,0
101,frame_000101.jpg,-0.21915576173218432,-0.21087609687244432,1.7745448948655431,1252.4329862450388,1257.9139076915549,0
102,frame_000102.jpg,-0.22207802256206075,-0.20451443772003092,1.728479723785058,1255.6180049723696,1272.623792768386,0
103,frame_000103.jpg,-0.2337191655713863,-0.2055807395104448,1.6873920045716162,1255.5642150878282,1287.0310027571645,0
104,frame_000104.jpg,-0.2514239386167509,-0.20315074846110065,1.6373295690989527,1254.3706023433533,1305.0866161902982,0
105,frame_000105.jpg,-0.26554790913547904,-0.20463572397233595,1.5925740573333005,1253.849470448965,1320.9855329596003,0
106,frame_000106.jpg,-0.2847083092396772,-0.2039019901281548,1.5493082546541845,1251.5814087731374,1337.1395201294729,0
107,frame_000107.jpg,-0.3107129534008508,-0.20345188261210317,1.5146186996910742,1246.353192131577,1351.6071562812547,0
108,frame_000108.jpg,-0.33860632472875085,-0.20873857183644154,1.478519320382565,1240.6459677310154,1366.7812533967963,0
109,frame_000109.jpg,-0.35978281122643696,-0.20864784933336006,1.4387763694203985,1237.4167827267577,1382.1292679739706,1
110,frame_000110.jpg,-0.3767121170160796,-0.21121750974940148,1.4009966652498476,1235.372731002541,1396.263194754527,0
111,frame_000111.jpg,-0.40433826353488295,-0.21269545866743583,1.3748637052805561,1228.8594616959522,1408.3067263136654,0
112,frame_000112.jpg,-0.4378211590031371,-0.21613532291554613,1.3550039041111046,1219.9084763711974,1419.23789374847,0
113,frame_000113.jpg,-0.47498998000994813,-0.2216347538236634,1.3291010633443312,1210.3171870893323,1432.569141341564,0
114,frame_000114.jpg,-0.5102746535969942,-0.22319037159216018,1.2948148695012345,1202.0796014421353,1448.2333304886897,0
115,frame_000115.jpg,-0.5388417879863016,-0.2291577326724447,1.2622654045983106,1195.8389071413346,1462.4018765703386,0
116,frame_000116.jpg,-0.5788287042377077,-0.2312387062878709,1.2315801553527737,1185.7725785074006,1477.6184386698926,0
117,frame_000117.jpg,-0.6146379348341097,-0.23828660251947548,1.2070961418702693,1176.4899583744595,1490.3157943283602,0
118,frame_000118.jpg,-0.6504530885155679,-0.24024760270759254,1.1677859898996574,1168.5318861046871,1507.6144342821556,0
119,frame_000119.jpg,-0.6746487226354944,-0.24203659557062762,1.127802155082143,1164.3569302355731,1523.4671969816022,0
120,frame_000120.jpg,-0.6966214025529939,-0.24415366458927243,1.0935647651658431,1160.380083930037,1537.2202750986728,0
121,frame_000121.jpg,-0.7266131408542617,-0.24523270598719535,1.0538257692586948,1154.32617621675,1553.822579216276,0
122,frame_000122.jpg,-0.7427810633881065,-0.246890123007077,1.0169355042694377,1152.4464932386086,1567.572079221309,0
123,frame_000123.jpg,-0.7503297264252909,-0.23987512650878026,0.966367608210857,1154.55207646191,1584.3380441385452,0
124,frame_000124.jpg,-0.7493370621644639,-0.2347560749404495,0.9196249019708916,1159.052037225296,1598.7005781287316,0
125,frame_000125.jpg,-0.7513465219582391,-0.2284392162184564,0.8678389262900674,1163.041334963163,1615.0555802429278,0
126,frame_000126.jpg,-0.7553411140772268,-0.22550993725307766,0.8165400355514345,1166.351026940159,1631.542177006658,0
127,frame_000127.jpg,-0.7473585291382184,-0.2184660375996246,0.7645416471325105,1173.560736813245,1646.5399671145929,0
128,frame_000128.jpg,-0.7270969291314225,-0.21135399490898024,0.715819914734664,1184.4114388597714,1658.7721901604282,0
129,frame_000129.jpg,-0.7157503237261486,-0.20237726839310224,0.6654556614724779,1192.552765789805,1672.7837979194999,0
130,frame_000130.jpg,-0.7083414269424132,-0.19662228867483206,0.6089894723668782,1199.9783877954305,1689.2496212396316,0
131,frame_000131.jpg,-0.6996937175075151,-0.19195565822482766,0.5625218273398647,1206.9063833776095,1702.4365320379393,0
132,frame_000132.jpg,-0.6842218970994318,-0.18164345998645154,0.5087023159584818,1216.6785420193096,1716.9327448729807,0
133,frame_000133.jpg,-0.672951244241864,-0.1754012881726451,0.45861666324375594,1224.7706086089624,1730.8687225312397,0
134,frame_000134.jpg,-0.6698601984865903,-0.16338566835462098,0.4009951357910558,1230.916173969512,1748.308010912608,0
135,frame_000135.jpg,-0.6672007390186752,-0.16028070621042328,0.34603409157483866,1236.685436295543,1764.9832399969182,0
136,frame_000136.jpg,-0.6605187912063156,-0.15214182103135013,0.2954836707788598,1243.3488827364208,1779.7169804124426,0
137,frame_000137.jpg,-0.6555390631605233,-0.1488599282510855,0.24080172198029245,1249.8365794173064,1795.9751428171562,0
138,frame_000138.jpg,-0.6620543630236193,-0.1462238662985256,0.19732822170836442,1251.6385356323663,1810.3925921131122,0
139,frame_000139.jpg,-0.6763775455411322,-0.14882185103413523,0.15046561287144752,1251.2420920768673,1826.9736983308048,0
140,frame_000140.jpg,-0.6882408873616028,-0.14912013308735153,0.11257721226404453,1250.8308781878982,1840.4198302890923,0
141,frame_000141.jpg,-0.7001714795452234,-0.14695634792900328,0.06554908896674165,1251.2158183435192,1856.7115285081213,0
142,frame_000142.jpg,-0.712894931856517,-0.14481888706692364,0.022890300110079705,1250.9558196082844,1871.7603782009426,0
143,frame_000143.jpg,-0.737041936872526,-0.1428583970733189,-0.012332650180371945,1246.3705036966655,1886.1289477535074,1
144,frame_000144.jpg,-0.7665408188150311,-0.14799122203301013,-0.050531492776034796,1240.3367126216172,1902.1831584133802,0
145,frame_000145.jpg,-0.7896465114751181,-0.1480335729005728,-0.08404923865117439,1235.9324697204424,1915.8743062490912,0
146,frame_000146.jpg,-0.8144664668380002,-0.14884912238033116,-0.12918087765604294,1232.0180410248372,1933.4133136418543,0
147,frame_000147.jpg,-0.8387693087587679,-0.1501057476062515,-0.16534002868877867,1227.4665544226855,1948.0945744851524,0
148,frame_000148.jpg,-0.8755040615866692,-0.14985283539583685,-0.2003490028523683,1218.829034372791,1964.1895652799533,0
149,frame_000149.jpg,-0.9130666557017105,-0.15849320651458218,-0.23237846162425957,1209.6597101340687,1979.477940290387,0
150,frame_000150.jpg,-0.9447745193620526,-0.15848874543402375,-0.26787832857688004,1202.676702364663,1995.0092942020854,0
151,frame_000151.jpg,-0.9802728710625502,-0.16451361187709163,-0.31102304237906436,1195.1631976603376,2013.4526495378832,0
152,frame_000152.jpg,-1.0136855888184602,-0.16592373393100432,-0.34095827076109425,1187.1361121361751,2027.5001521355032,0
153,frame_000153.jpg,-1.0568886644947844,-0.1740746112785514,-0.37073977631674815,1175.9584848586753,2042.8943524354368,0
154,frame_000154.jpg,-1.0908493987793768,-0.17716374203453433,-0.41004142927939663,1168.5938002306643,2059.9262385753436,0
155,frame_000155.jpg,-1.125828738432606,-0.17651149092641086,-0.46374857111614953,1162.1915702759716,2081.5731163526843,0
156,frame_000156.jpg,-1.1527762071952792,-0.18109024458100537,-0.4968752083614133,1156.5214475954053,2095.690073018423,0
157,frame_000157.jpg,-1.182662294733702,-0.18313631057720622,-0.5271901509150712,1149.6582510364124,2109.353115984727,0
158,frame_000158.jpg,-1.2124439955100674,-0.18795814558805538,-0.5704019084256077,1143.9823349445587,2127.003077542172,0
159,frame_000159.jpg,-1.224728797664418,-0.1825562548148386,-0.612739211160852,1143.8341155375172,2141.8896975045323,0
160,frame_000160.jpg,-1.2268860073931012,-0.18007710140971506,-0.6650443874969453,1147.8225259961494,2158.4268470876245,0
161,frame_000161.jpg,-1.2302337848391627,-0.174890217024157,-0.7079668562792822,1150.5900438403735,2172.222179396742,0
162,frame_000162.jpg,-1.2366054318603792,-0.17111426868879906,-0.7598449637588076,1153.189958230354,2189.227056079839,0
163,frame_000163.jpg,-1.2289814823690883,-0.16383655331803074,-0.8085640856696386,1159.99137771144,2203.258392974867,0
164,frame_000164.jpg,-1.2084811382276583,-0.1541932693250329,-0.8519022088679366,1170.4369186380986,2213.7861188004667,0
165,frame_000165.jpg,-1.1880347612469182,-0.1482995922781236,-0.901859138856357,1181.4573314792174,2226.375297532597,0
166,frame_000166.jpg,-1.1774005037440305,-0.1405821333877648,-0.9517981901622057,1189.332383783781,2240.3564247972868,0
167,frame_000167.jpg,-1.1674070092903535,-0.1366900209516468,-1.0028766589240607,1197.1040782688306,2254.7823658453317,0
168,frame_000168.jpg,-1.1509316174010462,-0.12363155354236903,-1.0487353945242914,1206.4855526179008,2266.665474876351,0
169,frame_000169.jpg,-1.130150845963575,-0.11468551471029693,-1.1059038905434053,1218.2582989793054,2281.444722703668,0
170,frame_000170.jpg,-1.1199169549850747,-0.10296126185737922,-1.1614291450400949,1226.504854697977,2297.2162297517934,0
171,frame_000171.jpg,-1.1160612865556823,-0.09805696295629612,-1.2134223956843841,1232.3918585647878,2312.800203849402,0
172,frame_000172.jpg,-1.106241895716959,-0.09279472500254837,-1.2650269988539948,1240.1548425044757,2327.414197294673,1
173,frame_000173.jpg,-1.0950004865446068,-0.08791891456003975,-1.3152316138577314,1248.2481827055312,2341.3912531148653,0
174,frame_000174.jpg,-1.0916129391614822,-0.0850937880945818,-1.3601854106998752,1253.355405938484,2354.8576093421475,0
175,frame_000175.jpg,-1.100284822978451,-0.08222829142731349,-1.4017359972031669,1254.2943651681762,2368.9855453492846,0
176,frame_000176.jpg,-1.1198084447103613,-0.08504616679285965,-1.4477307616335569,1252.1540800266669,2386.0380411163665,0
177,frame_000177.jpg,-1.134791783294136,-0.08587274887908801,-1.482210298768335,1250.4382528135575,2398.870795189133,0
178,frame_000178.jpg,-1.1490163187514009,-0.08806838709276513,-1.5170915365053022,1249.0014816919913,2411.7201210514236,0
179,frame_000179.jpg,-1.1692449083113279,-0.09149029059323877,-1.549983099638219,1245.4630277825408,2424.8071961448936,0
180,frame_000180.jpg,-1.1978836431005555,-0.09377664970899091,-1.5750050616963807,1238.525932227712,2436.650211705125,0
181,frame_000181.jpg,-1.2304947424187134,-0.09951658162211267,-1.600702780681743,1230.3765658561274,2449.2686756805297,0
182,frame_000182.jpg,-1.2613130849328693,-0.09788599714618682,-1.6339568492765482,1223.477632691909,2463.976484529619,0
183,frame_000183.jpg,-1.2875834307906695,-0.10003821307878033,-1.6716715219729985,1218.43493364886,2479.4206349547894,0
184,frame_000184.jpg,-1.3211387745285053,-0.09975201278667062,-1.7079882374208106,1210.9330819220108,2495.4685791885854,0
185,frame_000185.jpg,-1.357789167322357,-0.10205885502404423,-1.7408334768728624,1202.129008273976,2510.8801641457744,0
186,frame_000186.jpg,-1.3907667314535805,-0.10626949847378554,-1.7782075194011377,1194.9068702128877,2527.17389856541,0
187,frame_000187.jpg,-1.4158623718288235,-0.10377616329163297,-1.816965456746827,1190.333879206406,2542.7744582340215,0
188,frame_000188.jpg,-1.4403964793441415,-0.10563148795301312,-1.8646333331477771,1186.7379437098045,2561.0597292341463,0
189,frame_000189.jpg,-1.4702881738173805,-0.10345373327850871,-1.9084022256388589,1181.076631134089,2578.898231548389,0
190,frame_000190.jpg,-1.4959806546230243,-0.10777736670483039,-1.9496535417609127,1176.5354893697818,2595.3574734441036,0
191,frame_000191.jpg,-1.5168465232356612,-0.10563049105029788,-1.9977965328827416,1174.1573488253714,2613.267718205345,0
192,frame_000192.jpg,-1.5348649385384836,-0.10521711398075204,-2.0462110269683196,1172.715810579344,2630.856658320698,0
193,frame_000193.jpg,-1.5569434796356132,-0.10465802254189739,-2.0888905237281903,1169.460334195024,2647.2443368461736,0
194,frame_000194.jpg,-1.582103710165829,-0.10339133096557772,-2.128341058100899,1164.9286131461895,2663.0690035161033,0
195,frame_000195.jpg,-1.6114563965205042,-0.10762154577708573,-2.17521837430702,1159.7180968525984,2681.795258122719,0
196,frame_000196.jpg,-1.6332018560570127,-0.1036457514060563,-2.228667307193585,1157.532844217188,2701.4771734088354,0
197,frame_000197.jpg,-1.643830464746143,-0.10259173484089716,-2.2729072082627306,1158.0854812746793,2716.7182713037373,0
198,frame_000198.jpg,-1.6529825057305072,-0.09736790754994186,-2.3238109871414894,1159.7073994071366,2733.816820093769,0
199,frame_000199.jpg,-1.6599123774708648,-0.09845834267926785,-2.3681672154115248,1161.4555033267252,2748.567218946261,0
200,frame_000200.jpg,-1.6552629786081758,-0.09262291018443651,-2.4153187618616507,1167.1636437523043,2762.535800714892,0
201,frame_000201.jpg,-1.6375000083786428,-0.08256434026621205,-2.46461933755057,1177.26558273205,2775.3035031653917,0
202,frame_000202.jpg,-1.6224956258646064,-0.07720564278499881,-2.5089546979633943,1186.0394606458053,2786.9234294516014,0
203,frame_000203.jpg,-1.6117839242756933,-0.06730251560664834,-2.562142529816876,1194.2299833582078,2801.901599186086,0
204,frame_000204.jpg,-1.5974716617694937,-0.06275917083196571,-2.610064563794817,1203.1029968164805,2814.733019197974,0
205,frame_000205.jpg,-1.5733433787299738,-0.04935917856915345,-2.661057912207724,1215.395801494627,2827.1193935113524,0
206,frame_000206.jpg,-1.553653149208953,-0.04296534937106143,-2.7093105791786463,1226.021473155521,2839.287446772595,0
207,frame_000207.jpg,-1.5416345931217024,-0.03371845936941089,-2.759840011821732,1234.3928682547262,2853.2546055462753,0
208,frame_000208.jpg,-1.536271991382956,-0.029302614964622865,-2.8081796629460705,1240.4358116196272,2867.4902690884446,0
209,frame_000209.jpg,-1.5255772236126717,-0.025259216329359957,-2.8583546467003664,1248.3513592504478,2881.5359862343134,0
210,frame_000210.jpg,-1.5138522319097334,-0.02020095421490105,-2.9107536357537205,1256.795960611348,2896.1250655398444,0
211,frame_000211.jpg,-1.5116275248291444,-0.018385579187776682,-2.9514906904282854,1261.153356818702,2908.4486161067202,0
212,frame_000212.jpg,-1.5236868499289509,-0.01771993840889243,-2.9926228135112414,1260.9695558536373,2922.9291640855017,0
213,frame_000213.jpg,-1.5430161625761083,-0.022408652180454958,-3.0319790206244064,1258.2975967337534,2937.8940902335326,0
214,frame_000214.jpg,-1.5605868379657675,-0.02197481369554714,-3.0721224460283096,1256.259527265066,2952.8528095580787,0
215,frame_000215.jpg,-1.5736054575622676,-0.021332411840823583,-3.1101547405893704,1255.4910410487291,2966.5081317723225,0
216,frame_000216.jpg,-1.5929982929520625,-0.021021329322685713,-3.150308004364122,1252.8700395389794,2981.7294259439723,0
217,frame_000217.jpg,-1.6258958860104908,-0.019104152076502148,-3.1862391342295973,1245.5444312410011,2997.5640453560704,0
218,frame_000218.jpg,-1.657989234594936,-0.022995374785355446,-3.221463666209729,1238.4132824458059,3013.0648677582735,1
219,frame_000219.jpg,-1.6889046813498187,-0.02067755648396534,-3.2613918956419217,1232.0803526042523,3029.85744928456,0
220,frame_000220.jpg,-1.713809289919595,-0.024250376225012676,-3.3023548881203535,1227.7658463614284,3046.1150133865485,0
221,frame_000221.jpg,-1.749138592614882,-0.026001451563886113,-3.338471505181736,1219.6777236532196,3062.3535255920756,0
222,frame_000222.jpg,-1.7888723002984468,-0.030931250555456896,-3.367617192319892,1209.5547824264,3077.0563096398214,0
223,frame_000223.jpg,-1.8256730186357981,-0.035413156553617126,-3.4003452286362363,1200.6920593420055,3092.452937526893,0
224,frame_000224.jpg,-1.8575275220880318,-0.03421709456705149,-3.4398990356585415,1194.0247614277212,3109.263084191586,0
225,frame_000225.jpg,-1.8842625016413772,-0.03852562364474435,-3.4752061493789803,1188.6177993997308,3124.0263626339784,0
226,frame_000226.jpg,-1.9240843278953195,-0.03997531229731607,-3.5105977150281054,1179.0254234619988,3140.679746744083,0
227,frame_000227.jpg,-1.956680741315717,-0.04484198327943703,-3.5414563400776125,1171.342491592278,3154.8975099077597,0
228,frame_000228.jpg,-1.984159547870917,-0.04436743146579024,-3.581890543395574,1166.1559143394172,3171.3576261291137,0
229,frame_000229.jpg,-1.99756858413195,-0.04306775988091336,-3.6251503518851678,1165.7300286871587,3186.6906123978715,0
230,frame_000230.jpg,-2.0018786628791405,-0.04245239099487213,-3.66704161658331,1168.096970902282,3200.303025992731,0
231,frame_000231.jpg,-2.011320928870101,-0.033099971551546994,-3.7200217326036826,1169.811665207131,3218.0871822277295,0
232,frame_000232.jpg,-2.0082998773438603,-0.02012653148806587,-3.773599806890804,1175.5730503301836,3234.281786076256,0
233,frame_000233.jpg,-1.9573546438192535,-0.017488893407261365,-3.790937902711362,1193.4468667251763,3232.4057674390797,0
234,frame_000234.jpg,-1.9518253673333494,-0.00902431926849285,-3.823870624586385,1198.1648049406062,3241.8370364867533,1
235,frame_000235.jpg,-1.9336817884205588,-0.0048692883092416065,-3.8380370660733254,1205.2453544787952,3243.648669558943,0
236,frame_000236.jpg,-1.9142224504529897,0.004861412826260254,-3.854137648255125,1212.9205087475168,3245.87305446981,0
237,frame_000237.jpg,-1.89220459520296,0.009708028218969105,-3.8730483747177074,1221.6668152965954,3248.605008149503,0
238,frame_000238.jpg,-1.867653117384391,0.015340714023036096,-3.884375342304841,1230.5463898141104,3248.622925260098,0
239,frame_000239.jpg,-1.8394727952937653,0.02185751788190493,-3.888371441797359,1239.932761937813,3245.8492884198067,0
240,frame_000240.jpg,-1.8041377438402104,0.023765079686781494,-3.8916934051559475,1251.5511659268006,3241.8474561388775,0
241,frame_000241.jpg,-1.7708090791274507,0.03757965294751814,-3.9111641825528363,1263.971513213602,3243.1422416197383,0
242,frame_000242.jpg,-1.739915065632611,0.04297186414477192,-3.93404132699515,1275.9165650918872,3245.840753954257,0
243,frame_000243.jpg,-1.7084176927814985,0.05182878882912626,-3.9554026320211397,1287.9193135786081,3247.982978806033,0
244,frame_000244.jpg,-1.6434320907252895,0.06969326089180906,-3.9625966155295202,1309.3840436311766,3240.9596107352177,0
245,frame_000245.jpg,-1.5288391399890557,0.08096754935576457,-3.9356216558942085,1343.6857730235963,3216.2685211841635,0
246,frame_000246.jpg,-1.4960960737993867,0.09224226983380526,-3.9695860797813904,1357.2151956900366,3222.1439817339196,0
247,frame_000247.jpg,-1.4647969818536817,0.09810464846091019,-4.01540437152513,1371.342501570242,3231.903268244242,0
248,frame_000248.jpg,-1.4416775710622223,0.10849862577153267,-4.054092316382359,1382.2111441342947,3240.6150563431515,0
249,frame_000249.jpg,-1.407475309740824,0.11622469888607906,-4.098690695078218,1397.1594714415587,3249.5823275028324,0
250,frame_000250.jpg,-1.3942013925327033,0.12565085453431493,-4.1487304621292145,1405.8892700971503,3263.218751226536,0
251,frame_000251.jpg,-1.4077587868471875,0.13920572017778052,-4.208909968921362,1406.9296006303198,3283.822924231021,0
252,frame_000252.jpg,-1.4997692096072115,0.1075091511907823,-4.226404638482521,1379.0150461194596,3302.356022015197,0
253,frame_000253.jpg,-1.5221651349896361,0.1110932797671314,-4.273136984989424,1376.0204762394494,3320.0464733467916,0
254,frame_000254.jpg,-1.5432280693791085,0.11404389312208796,-4.3226890127894935,1373.7052585187105,3338.421998922421,0
255,frame_000255.jpg,-1.5670043304240562,0.11087393022794689,-4.361298908070471,1369.5417461558595,3353.7887089588835,0
256,frame_000256.jpg,-1.6008057638203468,0.10668271038245611,-4.388172014588895,1361.1161598884478,3366.9414209014867,0
257,frame_000257.jpg,-1.640919627517302,0.09810560595397087,-4.410076971562556,1350.2236141162584,3379.45160405306,0
258,frame_000258.jpg,-1.678051019694862,0.09432229472950901,-4.440056431150314,1341.009038479036,3394.042465379416,0
259,frame_000259.jpg,-1.7218469988529757,0.09142567241570022,-4.4837547516443825,1330.886538891845,3413.839394612849,0
260,frame_000260.jpg,-1.7496093419699184,0.08412236320719546,-4.5068985084086,1324.0621986512215,3424.974796481076,0
261,frame_000261.jpg,-1.7944600196696028,0.07641267601156912,-4.521069036562911,1310.9600242160645,3435.7596869605327,0
262,frame_000262.jpg,-1.8432834090842714,0.06543066262034908,-4.548983754237792,1297.8146571861464,3451.3751129110788,0
263,frame_000263.jpg,-1.8898373828867219,0.06307951163749508,-4.580612377897438,1285.7286720733423,3467.8197136310946,0
264,frame_000264.jpg,-1.9256382759747595,0.05409342005943839,-4.61108680627798,1276.9846658584852,3482.3746630829614,0
265,frame_000265.jpg,-1.9689332301375555,0.04777303711495453,-4.637203108059106,1265.4496874437782,3496.644663704405,0
266,frame_000266.jpg,-2.013044894983395,0.04015912570101354,-4.659433507666319,1253.3053796092265,3509.825218170382,0
267,frame_000267.jpg,-2.0455279560801687,0.03640659598583098,-4.688743144938298,1245.520182522364,3523.5461976641814,0
268,frame_000268.jpg,-2.0762610342775956,0.03889065827548159,-4.731046868409994,1239.458210382472,3541.0499034187433,0
269,frame_000269.jpg,-2.0953830389844805,0.03771888553061902,-4.769895834200873,1236.8072906332413,3555.827910410615,0
270,frame_000270.jpg,-2.120839850893068,0.04215287502085655,-4.8140343287033955,1232.5999624770823,3573.149457058393,0
271,frame_000271.jpg,-2.1481188301662155,0.03866784538808977,-4.857300835924043,1227.7308058945634,3590.45995564919,0
272,frame_000272.jpg,-2.165912851144845,0.04633407012509522,-4.910678590374182,1226.805209123338,3609.5569991293282,0
273,frame_000273.jpg,-2.1524777466462246,0.0619765046339013,-4.957741150720479,1235.320290654363,3622.2466605340765,0
274,frame_000274.jpg,-2.17068216599483,0.06018571546304869,-5.006728593293715,1233.870417316943,3640.039874033052,0
275,frame_000275.jpg,-2.202155967957625,0.05533971575651544,-5.062819310533813,1228.8045972117195,3661.927079555702,0
276,frame_000276.jpg,-2.2158104818079174,0.05597151691740807,-5.116019408835504,1229.1893864590302,3680.3794262236424,0
277,frame_000277.jpg,-2.2165357750479333,0.06649379697527287,-5.166897801871566,1233.508927233378,3696.2699141006524,0
278,frame_000278.jpg,-2.2180215209298453,0.06977828259964003,-5.219336933177701,1237.7244563364604,3712.7529953332423,0
279,frame_000279.jpg,-2.230112517522192,0.07552105518054214,-5.276536683240572,1238.9680254261675,3732.223719499145,0
280,frame_000280.jpg,-2.239983109651823,0.0798920048348495,-5.334697954303487,1241.0090266859365,3751.676554246844,1
281,frame_000281.jpg,-2.2422044383279585,0.08444241896579667,-5.384299253137333,1244.7349867279486,3767.3838428898143,0
282,frame_000282.jpg,-2.2342090393568266,0.08997628139732719,-5.435830179679049,1251.906979893269,3782.234758002795,0
283,frame_000283.jpg,-2.2313011328977588,0.09574411615395192,-5.487449182236556,1257.4568421513432,3797.8375911829485,0
284,frame_000284.jpg,-2.232460691505292,0.10355251490541252,-5.552898496828325,1262.9408583438312,3818.3111783055356,0
285,frame_000285.jpg,-2.224718166263522,0.11086402400353058,-5.600492464928726,1269.6796051951428,3831.976500114689,0
286,frame_000286.jpg,-2.2077563540898786,0.1201742350379637,-5.651599905357072,1279.686510785093,3845.418964626345,0
287,frame_000287.jpg,-2.1874085730820556,0.1257148930746161,-5.700375494821613,1290.5696432683621,3857.6556247467925,0
288,frame_000288.jpg,-2.173265252261292,0.13392892628163133,-5.743543970621476,1298.9632434007503,3869.036112554888,0
289,frame_000289.jpg,-2.1560604918668913,0.1428658242288784,-5.798739218788831,1309.4137112022759,3883.7123914331314,0
290,frame_000290.jpg,-2.129479262887483,0.1547009709297315,-5.837254848168557,1321.3760889676,3891.8776600857045,0
291,frame_000291.jpg,-2.091533841851613,0.16771200448624665,-5.876297773245482,1337.026680521912,3898.5879937892378,0
292,frame_000292.jpg,-2.0548080297386875,0.17929190076028298,-5.912163389696322,1352.002251310678,3904.4861356429765,0
293,frame_000293.jpg,-2.0233761212246435,0.1882606448953929,-5.949456437168235,1365.4093856297322,3911.581185683078,0
294,frame_000294.jpg,-1.9858407346192901,0.19697405058790743,-5.98109624550153,1380.2662715316228,3916.0527865894655,0
295,frame_000295.jpg,-1.9421894026093869,0.20995110463020264,-5.999703520957573,1395.9167024757307,3915.609422638767,1
296,frame_000296.jpg,-1.891339022198781,0.2173705592828165,-6.0184101961462275,1413.8825706113244,3914.171573522025,0
297,frame_000297.jpg,-1.8443859018872746,0.23079183787216898,-6.040375580340544,1430.8913192503342,3914.2999468864136,0
298,frame_000298.jpg,-1.7989619378635806,0.24050772655070415,-6.065167942952218,1447.6630531871072,3915.5233015344347,0
299,frame_000299.jpg,-1.7469525903598895,0.25510541781136414,-6.080616352411742,1465.708743145021,3912.909370269437,0
300,frame_000300.jpg,-1.6947036946612428,0.2661770807263581,-6.087290874789334,1483.0462126469192,3907.5388492095535,0
301,frame_000301.jpg,-1.6385763809521077,0.27778930559274534,-6.0965609525226085,1501.8585263988123,3902.421324029302,0
302,frame_000302.jpg,-1.586845262338798,0.2919045350288239,-6.11254601047517,1519.8630851802307,3900.0135376999515,0
303,frame_000303.jpg,-1.525541005453755,0.304052988894647,-6.119395768207153,1540.1175312895411,3893.4076764027322,0
304,frame_000304.jpg,-1.4702988799371857,0.3180654376863007,-6.115552647711937,1557.4730400494097,3884.3472965533565,0
305,frame_000305.jpg,-1.4196484736791855,0.321321071667281,-6.1140795898663765,1573.5694233254612,3876.676307520939,0
306,frame_000306.jpg,-1.354110828129945,0.33631334428414245,-6.118414080592237,1594.9551963795561,3868.6870349919145,0
307,frame_000307.jpg,-1.3110845519560563,0.3452365871975324,-6.119933580229852,1608.8765753060743,3863.0304849705417,0
308,frame_000308.jpg,-1.267787794670269,0.3543252855092387,-6.1147840833574385,1622.2879621510167,3855.266071434504,0
309,frame_000309.jpg,-1.225392033711902,0.3614019911595066,-6.1030561499111124,1634.8221226661653,3845.5887427354546,0
310,frame_000310.jpg,-1.1748380757751802,0.3723072562993735,-6.089522300602314,1649.8085651754702,3834.1891163584514,1
311,frame_000311.jpg,-1.1268180624879192,0.38152808248781145,-6.081266253022144,1664.455330160733,3824.788051040898,0
312,frame_000312.jpg,-1.0796639343125223,0.38737312971407895,-6.061350991957047,1677.781557986249,3811.892542473928,0
313,frame_000313.jpg,-1.0382566537887064,0.39709193852030106,-6.032305671619936,1688.4496842578762,3796.9825420282477,0
314,frame_000314.jpg,-1.0004013809033212,0.39990233888534105,-6.0003110284972285,1697.7158963601503,3781.663285131116,0
315,frame_000315.jpg,-0.9504308867742839,0.4067006737154823,-5.96990794225184,1711.0061647105783,3765.112359909949,0
316,frame_000316.jpg,-0.9070125823034201,0.41157413045744673,-5.943005219269558,1722.510305529958,3750.580770397569,0
317,frame_000317.jpg,-0.8572207000519994,0.41537289536410943,-5.904056743665595,1734.978819666766,3731.4037131916593,0
318,frame_000318.jpg,-0.8175339246347575,0.4174106872834486,-5.862751723379381,1743.9988686596841,3712.9346626965935,0
319,frame_000319.jpg,-0.7765511641498924,0.4242291303223898,-5.841960698006106,1755.2694650129838,3700.6463711791034,0
320,frame_000320.jpg,-0.7282161997854918,0.43195105439548587,-5.816703978206307,1768.4961450343237,3685.9252664236,0
321,frame_000321.jpg,-0.6876376398982703,0.4367718019611852,-5.786657774573236,1778.8092070494308,3670.822730284398,0
322,frame_000322.jpg,-0.6390666102164744,0.4444717114407583,-5.738352043143629,1790.0494025170524,3648.9160666224134,1
323,frame_000323.jpg,-0.5980056468166159,0.4487180158083988,-5.711524956913987,1800.8050283396985,3634.7436921453163,0
324,frame_000324.jpg,-0.5504080777712047,0.45810154080252313,-5.695006899688763,1814.577269313896,3622.839153413867,0
325,frame_000325.jpg,-0.5069501341894851,0.4601591502535546,-5.660499321508396,1825.413729082,3605.94218817469,0
326,frame_000326.jpg,-0.4686561382806091,0.46380678308630524,-5.614246578308124,1833.5448810834241,3586.1362633301787,0
327,frame_000327.jpg,-0.4335562184928975,0.4600222573877828,-5.566057364826777,1840.4794152032318,3566.1843840663532,0
328,frame_000328.jpg,-0.4008532428923753,0.46329356470255123,-5.53282064591925,1847.9837289430263,3551.213538861356,0
329,frame_000329.jpg,-0.361755197804174,0.4690103444503616,-5.499178253102317,1857.5007012104388,3535.2059949986124,0
330,frame_000330.jpg,-0.32754306955727547,0.4745494345950322,-5.454077686547067,1864.4271217580854,3516.3389441105114,0
331,frame_000331.jpg,-0.2940700203948568,0.47827922502722753,-5.406190470632928,1870.8674322322017,3496.7124803338074,0
332,frame_000332.jpg,-0.26287607071822733,0.48197653033908155,-5.366975201431686,1877.3533794099606,3480.1014591522076,0
333,frame_000333.jpg,-0.22636545057516533,0.4857985361869371,-5.328126155506515,1885.5755297841429,3462.8468448129465,0
334,frame_000334.jpg,-0.20054834789622913,0.4864380128490321,-5.278322729695989,1889.3914708821503,3443.716197441337,0
335,frame_000335.jpg,-0.18519542800216443,0.48435304340672614,-5.227332727909926,1889.7485736741696,3425.707730960546,0
336,frame_000336.jpg,-0.17464763962958513,0.47830019548506725,-5.179096560607541,1888.812509406014,3409.238132198644,0
337,frame_000337.jpg,-0.16384563652487188,0.47494268289283975,-5.127945399002046,1887.6970995444253,3391.827825682964,0
338,frame_000338.jpg,-0.1587031884389215,0.46576578215550596,-5.0720924836492784,1884.3477421690372,3373.7646649171047,0
339,frame_000339.jpg,-0.17364560054957665,0.4577590311325152,-5.022933135828851,1875.1621331017961,3360.639064987259,1
340,frame_000340.jpg,-0.1934822948952043,0.44685794268013773,-4.968557410915237,1863.941724988537,3346.591932634605,0
341,frame_000341.jpg,-0.21132242318831446,0.4416813570441041,-4.911501402531682,1853.1212119730533,3331.4287662756274,0
342,frame_000342.jpg,-0.22487842417681309,0.43214821523496805,-4.863510420198046,1844.4843328795027,3318.4682411658823,0
343,frame_000343.jpg,-0.24011047547458417,0.4206564794200539,-4.7966268453721534,1833.6201966666026,3299.884197198875,0
344,frame_000344.jpg,-0.2553901069311188,0.4081066979213747,-4.743078079883751,1823.93383728049,3285.444622194175,0
345,frame_000345.jpg,-0.2647922905768904,0.39665920399809673,-4.685611326424322,1815.7800575300175,3268.9522260885437,0
346,frame_000346.jpg,-0.26939131467159494,0.3890449434015424,-4.642035285543184,1810.407945626379,3256.085922499601,0
347,frame_000347.jpg,-0.2739137201854948,0.3825790692857809,-4.591418914335338,1804.4305069088875,3241.0241442401666,0
348,frame_000348.jpg,-0.2833095877152889,0.37522068066316155,-4.543357242305739,1797.1201923565072,3227.4491754985693,0
349,frame_000349.jpg,-0.2787524838858004,0.37312520682678546,-4.5018170949862,1794.863809229139,3213.9105283452454,0
350,frame_000350.jpg,-0.2554709491510435,0.37875496217283083,-4.4568770504644135,1798.3024758797876,3196.6500816460175,1
351,frame_000351.jpg,-0.23296891343647413,0.379535740458519,-4.4198335458240425,1802.1978717048046,3181.9508931927194,0
352,frame_000352.jpg,-0.20361302954578409,0.3839056967244946,-4.3784497466729375,1807.900899284154,3164.928780731209,0
353,frame_000353.jpg,-0.17195127131336732,0.38757613344524616,-4.337039780911794,1814.340378071058,3147.570133627721,0
354,frame_000354.jpg,-0.13565976860443746,0.39477764172072755,-4.306586873021267,1823.2434988709879,3132.951986496951,0
355,frame_000355.jpg,-0.08962237749439372,0.401946398536475,-4.277412885728454,1835.3835813056448,3117.3426157724566,0
356,frame_000356.jpg,-0.05537325827907713,0.4063554363200155,-4.246635821275491,1843.60332997942,3102.9147727848613,0
357,frame_000357.jpg,-0.019423765773973308,0.41152958943758017,-4.204762196480014,1851.3750983934106,3084.8015729699537,0
358,frame_000358.jpg,0.007747882922753749,0.41211665677942766,-4.171045990165125,1857.0643005676893,3070.4697484569174,0
359,frame_000359.jpg,0.04853696360539892,0.42040428097251603,-4.129964863666631,1866.4575544760928,3051.913174148449,0
360,frame_000360.jpg,0.08158869480773256,0.4232028064946294,-4.094059876141223,1873.8348868429136,3036.0647133060875,0
361,frame_000361.jpg,0.10819518508868714,0.4260987827810983,-4.050331142611403,1878.4472269773637,3018.7065689133588,0
362,frame_000362.jpg,0.12741756847147442,0.42416882358834257,-3.999356250176784,1880.0454410561633,3000.1516804278444,0
363,frame_000363.jpg,0.14262663275223433,0.42202677659506466,-3.9545106035348954,1880.9061682678268,2984.0702504394103,0
364,frame_000364.jpg,0.15774257990590804,0.4187054790332787,-3.901094631942753,1880.9703025122471,2965.342774503523,0
365,frame_000365.jpg,0.15803646705069122,0.4158028372388706,-3.8504174775329503,1876.5305452301589,2949.5761727127897,0
366,frame_000366.jpg,0.1452272871555417,0.4079747258977762,-3.792207724331634,1867.2187047657865,2933.3384724938815,0
367,frame_000367.jpg,0.1337228041148436,0.4009300509692043,-3.7503419366350905,1859.7871241362038,2921.9863613066664,0
368,frame_000368.jpg,0.12552035705762432,0.39645369719885265,-3.7002065165805136,1852.6736450040253,2907.597950425751,0
369,frame_000369.jpg,0.11470903310217057,0.3867817608911034,-3.6439402466450947,1844.175786035085,2891.678752976868,0
370,frame_000370.jpg,0.09831405101412136,0.38004977689017816,-3.597213058506161,1834.742377063937,2879.514717163641,0
371,frame_000371.jpg,0.08355412085197378,0.36867473627715747,-3.5436672031659895,1825.2227881045392,2865.0020264326176,0
372,frame_000372.jpg,0.07840194626024617,0.36470282249737923,-3.4981042382729073,1819.4956856320587,2851.597977818166,0
373,frame_000373.jpg,0.08498019064623712,0.35898609762085004,-3.445060655131443,1816.8576928971927,2834.2020379544247,0
374,frame_000374.jpg,0.09582679004030244,0.3542722413796767,-3.3976596998358946,1816.0920900554984,2817.949040964082,0
375,frame_000375.jpg,0.10593413030504244,0.34743769462787016,-3.3439136396488798,1814.5219562026973,2799.8324943959406,0
376,frame_000376.jpg,0.11579392021215891,0.3425238050361259,-3.2987117880833563,1813.6369303747979,2784.4024098137747,0
377,frame_000377.jpg,0.13520165813888918,0.3422153072142171,-3.2595540293879464,1816.3517711416894,2769.4878909756894,0
378,frame_000378.jpg,0.16048212979248094,0.3406042252880429,-3.2188345364020887,1820.8084873988118,2753.2523504656833,0
379,frame_000379.jpg,0.18206728652917506,0.3435859821156745,-3.178111767709745,1824.0809475416181,2737.5421006528077,1
380,frame_000380.jpg,0.20414200446643752,0.3403525330827501,-3.1352582704461196,1827.3196317521047,2721.100975578383,0
381,frame_000381.jpg,0.23352014932860085,0.3460267202159543,-3.09870236593391,1833.4617274231846,2705.5737524485544,0
382,frame_000382.jpg,0.2680973377003359,0.3517776302841214,-3.07006598805756,1841.9781081981077,2691.7634231941943,0
383,frame_000383.jpg,0.3041243716585953,0.3551544466179292,-3.035899920984985,1850.46429026877,2676.0307774350244,0
384,frame_000384.jpg,0.33435703605227746,0.36087739587842893,-3.0003063328329316,1856.966265595394,2660.6804485440193,0
385,frame_000385.jpg,0.3669072779097465,0.36048999334990384,-2.9591404685368494,1863.7122496755233,2643.271001576298,0
386,frame_000386.jpg,0.3969964676922231,0.3671020981256512,-2.9238137304757648,1870.1921305475887,2628.023908732478,0
387,frame_000387.jpg,0.4341974243379218,0.3695979040497774,-2.8838181123652697,1878.5328817531308,2610.315200025915,0
388,frame_000388.jpg,0.4567952986593696,0.370301854072815,-2.8427823406235597,1882.101808917851,2594.3635908686724,0
389,frame_000389.jpg,0.46873997568648335,0.3690746001477282,-2.7970567203339622,1881.8379121235932,2578.4740436214956,0
390,frame_000390.jpg,0.476130278539898,0.3644610090486464,-2.751680149839262,1880.1460417120165,2563.34146301447,0
391,frame_000391.jpg,0.48558344704196743,0.3626477561484992,-2.7067401329954266,1879.1541616171169,2548.0505370648725,0
392,frame_000392.jpg,0.4905323743810493,0.357767851045966,-2.6538563798831087,1876.008442153954,2530.9362475895637,1
393,frame_000393.jpg,0.4784325981780459,0.3535702761592024,-2.6077487966025017,1868.0066327215668,2518.352723659941,0
394,frame_000394.jpg,0.45833154036475365,0.3417736869517116,-2.5591372422916217,1857.2172249743498,2506.1318227521333,0
395,frame_000395.jpg,0.44164502338923567,0.33374423410284576,-2.508230546467337,1847.3164827410014,2492.7124387407453,0
396,frame_000396.jpg,0.4305970967746878,0.3244501056885611,-2.462644549196686,1839.6983459805747,2480.140948859775,0
397,frame_000397.jpg,0.4137860862069546,0.3163289853480272,-2.4133443151477474,1829.901441358275,2467.237769073975,0
398,frame_000398.jpg,0.39941077882852677,0.30845782100148106,-2.3657796262359674,1821.040199075042,2454.526209781325,0
399,frame_000399.jpg,0.3947322584046768,0.3000108190310816,-2.3087397389248174,1814.4380510609444,2437.4934969123387,0
400,frame_000400.jpg,0.4055172349263416,0.2980045494961968,-2.260531255267256,1813.5804576224748,2420.998706535963,0
401,frame_000401.jpg,0.4261964483369371,0.29598345298494205,-2.209605055519158,1815.6497901665432,2402.2514372647865,0
402,frame_000402.jpg,0.4463660367920818,0.2963937885848959,-2.1570053357461187,1817.4061167571592,2383.0574707508063,0
403,frame_000403.jpg,0.46315788079805853,0.2948051164568797,-2.1084900804973397,1818.4456520531178,2365.611960241389,0
404,frame_000404.jpg,0.4868356123014747,0.2984786234703104,-2.076457257879859,1823.1660249204322,2352.300100141792,0
405,frame_000405.jpg,0.5227437397319051,0.3033023729143532,-2.042993218758588,1831.6769179694943,2336.802223767021,0
406,frame_000406.jpg,0.5548415234911812,0.3065259248420962,-2.0010870666562472,1838.2117053132797,2319.227512566216,0
407,frame_000407.jpg,0.5832621949318985,0.3120015652533243,-1.9567194369933294,1843.3481413842865,2301.412737763605,0
408,frame_000408.jpg,0.6150494413886672,0.31250632535920914,-1.910043815397948,1849.3567252411308,2282.4023240245756,0
409,frame_000409.jpg,0.6543927453710391,0.31832216481787956,-1.8733851412871363,1858.6824206908427,2265.4239193466397,0
410,frame_000410.jpg,0.6880120897750105,0.31822692233951144,-1.8337138054980782,1865.9046511652732,2248.325945999437,0
411,frame_000411.jpg,0.7136031473693408,0.32089062786557937,-1.7794086255305783,1869.2454113265421,2227.830632323225,0
412,frame_000412.jpg,0.729314902954735,0.3185151904166937,-1.7334630330452105,1870.1687901577166,2211.3363012388672,0
413,frame_000413.jpg,0.7429197920409962,0.3170407595570888,-1.6856333826886019,1870.24857757143,2194.557432528148,0
414,frame_000414.jpg,0.7555821797289571,0.31334731752549266,-1.636569844827367,1869.9159997444344,2177.5299339312974,0
415,frame_000415.jpg,0.75289658418846,0.3072612149813461,-1.5810942990926808,1864.0923327829864,2160.698781289256,0
416,frame_000416.jpg,0.7381058854143077,0.2982265145283096,-1.5275316938709125,1854.5613871357593,2146.1852754296965,0
417,frame_000417.jpg,0.722492821392631,0.28902638252356794,-1.4818637005742505,1845.4732640196667,2134.2385348299767,1
418,frame_000418.jpg,0.7071489508757832,0.28259859058110437,-1.4274460952143142,1835.6885904833375,2119.538514544951,0
419,frame_000419.jpg,0.6940376483588908,0.27407274434222534,-1.383204857302695,1827.5296681089826,2107.6781708813933,0
420,frame_000420.jpg,0.6726862221038814,0.2683505208070051,-1.331742338474139,1816.0845813068138,2094.7507212179603,0
421,frame_000421.jpg,0.6641745773340315,0.2643301260398707,-1.28019521569235,1808.7457361780557,2079.9683071049008,0
422,frame_000422.jpg,0.6621571282926958,0.25376208050279453,-1.224401966053333,1803.1077165708423,2062.943412191896,0
423,frame_000423.jpg,0.6808672580617839,0.24548764489722352,-1.169507612361588,1804.1911455485683,2043.2453019621162,0
424,frame_000424.jpg,0.6959086812749805,0.24065923803938713,-1.1238144854514385,1804.922340023541,2026.9247815036467,0
425,frame_000425.jpg,0.7148796463801104,0.2350501132038476,-1.0721695584541242,1806.380054987541,2008.197794645263,1
426,frame_000426.jpg,0.7352751836552402,0.23425716990493203,-1.0315483897051823,1809.280455968978,1992.6885027031678,0
427,frame_000427.jpg,0.7659711909442926,0.24121729844514514,-0.9961371219435027,1815.9471959742518,1977.3287546258734,0
428,frame_000428.jpg,0.8000947285720175,0.24262197779348335,-0.9607968419105951,1823.7184530344593,1961.5028657452963,0
429,frame_000429.jpg,0.8321862347807498,0.2504256947814442,-0.9159414815746193,1829.987373167618,1943.0139312092106,0
430,frame_000430.jpg,0.8658432992094242,0.25161161326768805,-0.874521949605534,1837.0652836435966,1925.368133272858,0
431,frame_000431.jpg,0.8990540602801249,0.26087218292863873,-0.8406617121315411,1844.6765055250605,1910.1314932796386,0
432,frame_000432.jpg,0.9463227098565358,0.26941511835493615,-0.7986057574019302,1856.0585708528206,1890.3495810817558,0
433,frame_000433.jpg,0.9783433254122265,0.27442386373494654,-0.7579823515393369,1862.6833969004192,1873.1838872364758,0
434,frame_000434.jpg,1.010501081691594,0.27215200455050964,-0.7179328029176221,1869.4035033577215,1856.176724694475,0
435,frame_000435.jpg,1.0262227591544948,0.270392384233476,-0.6792185479775038,1870.9770249787205,1841.9248108331867,0
436,frame_000436.jpg,1.0442848439327164,0.27102959964991097,-0.6227934405672593,1871.7158716468648,1821.8440172301512,1
437,frame_000437.jpg,1.0497932469915192,0.26412412531370316,-0.5688833817455112,1868.6575856255536,1804.3315890962997,0
438,frame_000438.jpg,1.041557569227212,0.26024923366725866,-0.5158348135277603,1861.2728297822987,1789.043982869402,0
439,frame_000439.jpg,1.0260396555578908,0.24954942115714732,-0.45880053850800556,1851.1982887829456,1773.556817601634,0
440,frame_000440.jpg,1.0152769826776131,0.24654706022343945,-0.40596882429157966,1843.0232957550759,1758.6964081382948,0
441,frame_000441.jpg,1.007918896375374,0.23680886189795822,-0.3462599130431365,1835.3238375803223,1741.217155503758,0
442,frame_000442.jpg,0.9929712656363656,0.230706092862626,-0.2971343669873697,1826.1395806190762,1728.10278727635,0
443,frame_000443.jpg,0.9707207339828264,0.21911419099918442,-0.24862987836869435,1814.6710694874953,1716.2212479733519,0
444,frame_000444.jpg,0.958551960761809,0.21055258306628055,-0.19479358704850316,1805.955691749894,1701.2493902561926,0
445,frame_000445.jpg,0.9652483665394663,0.20375635260227906,-0.14195067069308984,1803.3735104119728,1683.89888660944,0
446,frame_000446.jpg,0.9834610704906448,0.19737152210256678,-0.08080723573465824,1803.7384816504318,1662.332578986152,0
447,frame_000447.jpg,0.9998772214476748,0.19304463969331145,-0.019312938059632415,1803.4964544889124,1640.9132762495656,0
448,frame_000448.jpg,1.0145051225762485,0.1842414150462519,0.03692553960794762,1803.1517005932938,1621.3795078397627,0
449,frame_000449.jpg,1.0329004418659147,0.18740368476173488,0.07550786707845367,1805.593648701087,1606.78773528275,0
450,frame_000450.jpg,1.0646290236789744,0.18919940075528852,0.12043587251617069,1811.739790097616,1588.3279492043544,0
451,frame_000451.jpg,1.0983440178065018,0.19468063527984472,0.17997689686778853,1817.2149909881462,1565.050936056758,0
452,frame_000452.jpg,1.1245325800725234,0.19219543796840108,0.2282961082436831,1821.282733902959,1546.327924082305,0
453,frame_000453.jpg,1.1560794609841991,0.19511058362474165,0.2685434631008141,1827.7894214429873,1529.3463879719773,0
454,frame_000454.jpg,1.1950052251440264,0.20282846539970664,0.3070803662656313,1836.813299980768,1511.844651087033,0
455,frame_000455.jpg,1.2350815832395148,0.20579339930922025,0.35476046922215215,1845.3878120226004,1491.341973257876,0
456,frame_000456.jpg,1.2694845996826094,0.2107209891178211,0.40628047429037795,1851.8010663888465,1470.4558309106537,0
457,frame_000457.jpg,1.2918357307529404,0.21049182635791558,0.43760165036013743,1856.1600708319488,1457.553731199102,0
458,frame_000458.jpg,1.3252229425730757,0.21557546007069286,0.48514071908429834,1862.6040269678983,1438.0475203381966,0
459,frame_000459.jpg,1.3525374775777372,0.21483863293855593,0.5299809049456767,1867.3437836289845,1420.2436569055656,0
460,frame_000460.jpg,1.3700681252434463,0.21615687081816767,0.588180971510654,1867.7535603985436,1399.6877968585518,0
461,frame_000461.jpg,1.3757096412921168,0.20947864168181796,0.6365479063288595,1865.2338481867912,1383.8764002624046,1
462,frame_000462.jpg,1.3843870035196308,0.20609753494475766,0.6954040544876431,1862.7483728284965,1364.3778966924558,0
463,frame_000463.jpg,1.3882671390492416,0.20041464831703684,0.7451144533830629,1859.544126564785,1348.400498692506,0
464,frame_000464.jpg,1.380953039522887,0.19396465524410533,0.8016923469561672,1852.1388833643712,1331.8865127573927,0
465,frame_000465.jpg,1.35987788831879,0.18223717035813994,0.8458477630604245,1841.4360562263028,1321.1870542020822,0
466,frame_000466.jpg,1.3444852912844365,0.17594559929891856,0.8951441992103936,1832.0939450010342,1308.0830346003072,0
467,frame_000467.jpg,1.3327560512528671,0.16739242162411577,0.957197593216191,1822.7842348009515,1290.4988701870923,0
468,frame_000468.jpg,1.3205762408071056,0.15706619701849917,1.0062605491133505,1814.4923753231842,1277.0097149946987,0
469,frame_000469.jpg,1.3018364461671812,0.1488231998598824,1.0602128124701586,1803.6612948757852,1262.9377531153236,0
470,frame_000470.jpg,1.2918502148044033,0.13771845471900457,1.1096495286973462,1796.0388096254242,1249.0202012402215,0
471,frame_000471.jpg,1.2968662092992833,0.1352839690835337,1.1658027749516093,1792.6220674490608,1230.881860243061,0
472,frame_000472.jpg,1.3210451702217707,0.12922237196227826,1.2228287188667533,1795.266980138755,1209.7434323076577,0
473,frame_000473.jpg,1.3423371543589455,0.12610918882908928,1.2693518730218527,1797.926567727443,1192.275121208403,0
474,frame_000474.jpg,1.362791609529281,0.1225165593974891,1.317659994668838,1800.1581194876164,1174.3722334419842,1
475,frame_000475.jpg,1.3807950249934455,0.12001804617660823,1.3543567371079441,1802.6432003497325,1160.4213610243628,0
476,frame_000476.jpg,1.4139781328506331,0.12375883772155977,1.3953689613091829,1809.605697652724,1142.9694511723999,0
477,frame_000477.jpg,1.4474102911762088,0.12719732806309086,1.4403736409863725,1816.2907978653643,1124.2432408872016,0
478,frame_000478.jpg,1.4757972063948188,0.13386743034144669,1.4861946129088934,1821.2863928605022,1105.9823125189735,0
479,frame_000479.jpg,1.5103719964400815,0.1352984504681688,1.5365628107944858,1827.8577311327003,1085.4291024454924,0
480,frame_000480.jpg,1.5417079844382808,0.14238275135490608,1.57417886170965,1834.532263552313,1069.2940769438583,0
481,frame_000481.jpg,1.5901758887501862,0.14992962131268295,1.6051952414682313,1847.2862392279176,1052.7668584251808,0
482,frame_000482.jpg,1.6219195524528216,0.15599646727388033,1.6424989170397584,1854.1193363836956,1036.670697251921,0
483,frame_000483.jpg,1.6527737732466237,0.15857571280752625,1.6945930910938956,1859.3442028461523,1016.1118335738695,0
484,frame_000484.jpg,1.6858494172553256,0.16302582244196342,1.7322744665719962,1866.5702692162988,999.7087669447696,0
485,frame_000485.jpg,1.7171099481046868,0.16329051746921108,1.762882738269527,1873.8475883274716,985.758950328612,0
486,frame_000486.jpg,1.7427162586069478,0.16386763420565248,1.808273568186821,1877.9907728824983,968.0275208855653,0
487,frame_000487.jpg,1.7587290673710245,0.16337759501694302,1.8555750615597995,1878.8892998909982,951.0695861690433,0
488,frame_000488.jpg,1.7592140797382565,0.15371037728490347,1.907091691248835,1874.435673232453,935.0152803238609,0
489,frame_000489.jpg,1.758489208487596,0.14994439760024234,1.9578087935952997,1869.665936120781,919.3813801725624,0
490,frame_000490.jpg,1.7519338250530307,0.14251969359061817,2.0165106387977425,1862.313759371199,902.10028728708,0
491,frame_000491.jpg,1.7337048828905879,0.1357322175037508,2.075076721387036,1851.233570713095,886.523933128526,0
492,frame_000492.jpg,1.7158600245638773,0.12370059552569598,2.1246315651944863,1841.0826466103513,873.6889961229366,0
493,frame_000493.jpg,1.6971996521772676,0.1159284125144885,2.182419571400876,1829.9338414807182,858.415519960417,0
494,frame_000494.jpg,1.6855815158724334,0.10581626069462516,2.2318988411032863,1821.7846937685154,844.7171889572226,0
495,frame_000495.jpg,1.665830955586853,0.09839713569337212,2.2844193654646174,1810.75786129859,831.2334438743627,0
496,frame_000496.jpg,1.646426824033027,0.08929537005022321,2.3314650153976024,1800.3318420230148,819.3991713886664,0
497,frame_000497.jpg,1.6359064526265812,0.08241054277775689,2.3851510992578304,1792.1580437205457,804.2391474562532,0
498,frame_000498.jpg,1.6447951516807293,0.07593778023171456,2.442387042060499,1789.8852341916308,785.2132818231171,0
499,frame_000499.jpg,1.6647943390459499,0.06956909276163745,2.4934433832378655,1791.7250459844302,766.5224836913641,0
500,frame_000500.jpg,1.6858203108315875,0.06629368635009232,2.5487310144254907,1793.5152755727054,746.3725073861222,1
501,frame_000501.jpg,1.7055502199263335,0.06292791081671338,2.5872131084138807,1796.3937880873598,731.6217568961492,0
502,frame_000502.jpg,1.7328899068674761,0.06716157208497886,2.628859214838364,1801.4273670483553,714.805410321027,0
503,frame_000503.jpg,1.7638879420413118,0.0707500217983327,2.6670566320260876,1807.941607914383,698.538124285888,0
504,frame_000504.jpg,1.7966935099775045,0.0756834884061967,2.7141766505942893,1814.236698877021,679.2447825059955,0
505,frame_000505.jpg,1.8280979665680608,0.07879570458502008,2.7625581090893396,1819.970022914984,659.7595792851569,0
506,frame_000506.jpg,1.8604979409946643,0.08540340711583397,2.799107895491467,1827.0808471829364,643.8038689320795,0
507,frame_000507.jpg,1.902033301409387,0.09110154326501432,2.8374624957923085,1836.957139201008,625.9870261857325,0
508,frame_000508.jpg,1.9343838381731975,0.09373058081999837,2.876510184671173,1843.8286447775308,609.2632764241912,0
509,frame_000509.jpg,1.9622585424179255,0.09671792056165582,2.926581103502161,1848.2799008745942,589.7565729947635,0
510,frame_000510.jpg,1.9922306212448277,0.0963120736986581,2.9729592105694778,1853.7335304505227,571.0970019866577,0
511,frame_000511.jpg,2.022957438463719,0.1011871906186834,3.0106499199502115,1860.2062077194996,555.0255719784991,0
512,frame_000512.jpg,2.04880913017555,0.09987258561944845,3.059822292476287,1864.0896892463218,536.0858093950585,0
513,frame_000513.jpg,2.0607645003703174,0.10018811175134884,3.1035621534063056,1864.0068778219431,520.810905554089,0
514,frame_000514.jpg,2.064526077775229,0.0937956347994621,3.150093631574437,1861.0490535713755,505.83678875585906,0
515,frame_000515.jpg,2.0670209266437145,0.09147328516322012,3.1941652206440145,1857.9054530766573,491.8063717438283,0
516,frame_000516.jpg,2.06012549582122,0.08499464363704992,3.241268837993248,1851.4819817040957,478.1725542745396,0
517,frame_000517.jpg,2.032873855465597,0.07157620690770508,3.276733944268953,1839.5777272265373,471.04932397718426,0
518,frame_000518.jpg,1.9958002182235441,0.06298301543293322,3.2986335044388726,1825.740211641086,469.53428486971166,1
519,frame_000519.jpg,1.9520486742241483,0.0507144199161665,3.317251703355567,1810.0566959195103,469.9885320957321,0
520,frame_000520.jpg,1.914747751646915,0.04318845437882816,3.3413256315056814,1795.9518255730814,467.8311739780677,0
521,frame_000521.jpg,1.864461273753337,0.03160687491895899,3.364805641930508,1777.7395748624085,467.7075785048821,0
522,frame_000522.jpg,1.819785335297659,0.026051147528615298,3.3796986409668794,1762.093168439893,469.4493849512967,0
523,frame_000523.jpg,1.7723791245067793,0.00968932154758628,3.3907828425655646,1745.912754987732,472.7618934036882,0
524,frame_000524.jpg,1.730682792065447,-7.349171492147616e-05,3.404543989507264,1731.3222646156046,474.4305332351171,0
525,frame_000525.jpg,1.6795464093297203,-0.013406257542744038,3.430489555660046,1712.6171229196502,473.6629422585063,1
526,frame_000526.jpg,1.6239682609317714,-0.02765518305297176,3.455044140717176,1692.613305039177,473.95958314383097,0
527,frame_000527.jpg,1.5704348761113514,-0.03715810080358152,3.470720751260255,1674.058903666107,476.71976710427725,0
528,frame_000528.jpg,1.5097677209952478,-0.05374508612757098,3.495625136696676,1652.3932943798354,477.63267192395324,0
529,frame_000529.jpg,1.465553435260566,-0.06058231801893546,3.5235878530733,1635.7254951078153,475.2532909893441,0
530,frame_000530.jpg,1.412300374831621,-0.08103396489963924,3.5590188207258855,1615.4935514460626,471.8439192586002,0
531,frame_000531.jpg,1.3542427468246652,-0.10034328983352882,3.5891121486978435,1594.199785917924,470.77507049607993,0
532,frame_000532.jpg,1.308309721539707,-0.11431249983783436,3.6181234322804654,1576.887498025544,468.3151193054848,0
533,frame_000533.jpg,1.2728929780250204,-0.128432887920362,3.661899664230775,1561.6236105845262,459.7759274269572,1
534,frame_000534.jpg,1.2419798381308815,-0.13366187052285508,3.7046635206752994,1547.893232314065,450.9094400933452,0
535,frame_000535.jpg,1.2103565443217543,-0.14767957157506797,3.753360236809644,1533.4045304335968,440.3031744822142,0
536,frame_000536.jpg,1.1845956490531453,-0.1625285091007052,3.8004478383565017,1520.9380780600359,429.3612500583906,0
537,frame_000537.jpg,1.1805859283552427,-0.16795473077254774,3.8422332402523494,1515.9149789868427,416.96663661318075,0
538,frame_000538.jpg,1.1852320478326601,-0.17726468681897908,3.8971341961895067,1512.491768716033,399.2695516431361,0
539,frame_000539.jpg,1.1945939760351187,-0.18037767761489376,3.945199588892794,1511.1910385751091,383.0218397150786,0
540,frame_000540.jpg,1.1989951073269116,-0.1905609601699792,3.98901071982692,1508.681505119778,368.80073767573026,0
541,frame_000541.jpg,1.2141102765292093,-0.19251365136312346,4.0265954418464025,1510.1617596718902,354.9856917440013,0
542,frame_000542.jpg,1.2431476414999791,-0.19223303912084105,4.073233365191734,1515.2926660345074,336.3786287747439,0
543,frame_000543.jpg,1.2687228290845485,-0.19192190353096042,4.118145524833393,1519.4687039872542,318.8001598618955,0
544,frame_000544.jpg,1.2864495185402807,-0.18446369887554023,4.154079404074152,1521.9333738716057,305.1254110747252,0
545,frame_000545.jpg,1.287627536742339,-0.18780331520276436,4.187407612707013,1519.3290412093925,294.61613553232974,0
546,frame_000546.jpg,1.312218262664388,-0.1733432740245531,4.204786531606137,1525.6529698907746,285.7212392604408,0
547,frame_000547.jpg,1.3728482990067699,-0.17686430556706298,4.253541493641134,1540.716628186195,261.9576724611252,0
548,frame_000548.jpg,1.4135176225398394,-0.17061630036019534,4.287523509252527,1550.706646398473,245.6209560274342,0
549,frame_000549.jpg,1.4599970195148215,-0.16256807500482226,4.3177464026921095,1562.8945034510066,229.62316460087322,1
550,frame_000550.jpg,1.520113122901074,-0.14306140717050053,4.336744906965546,1580.4557117307477,215.1660028847341,0
551,frame_000551.jpg,1.564720856503453,-0.14141440958622964,4.345318273166276,1593.9808074946309,206.1524716414167,0
552,frame_000552.jpg,1.6112521788014418,-0.13811549902358858,4.346930625215239,1608.744991747551,199.02492329996426,0
553,frame_000553.jpg,1.6529679478169903,-0.1296987492575122,4.341105646100168,1622.6316868167944,194.8909812495715,0
554,frame_000554.jpg,1.696070308695298,-0.11612641238572645,4.33027174113924,1637.410772006389,192.11378564256574,0
555,frame_000555.jpg,1.735751655193123,-0.11032646570319149,4.321109098339351,1650.9442565632742,189.30524952498104,0
556,frame_000556.jpg,1.7881864492522703,-0.09708792102075971,4.298410030478691,1669.774950208463,188.88054928556426,0
557,frame_000557.jpg,1.8369445521200871,-0.08365269253224682,4.289828670157521,1686.164583148382,184.59888384375063,0
558,frame_000558.jpg,1.8881702427667564,-0.0725622676593572,4.271439572460164,1704.2222864654411,183.00903903621065,0
559,frame_000559.jpg,1.9299445601275673,-0.0559137956490588,4.241559064699529,1720.2799087919025,186.33101014726594,0
560,frame_000560.jpg,1.9706412643110371,-0.050022567824246,4.212687314205001,1735.9020183013783,189.49345097824107,0
561,frame_000561.jpg,2.0159875579986304,-0.03450037686072076,4.177492281172853,1753.5795595261611,193.9557392611032,0
562,frame_000562.jpg,2.053001806473802,-0.02605221151800554,4.142463844183449,1768.5726444094564,199.55302984655668,0
563,frame_000563.jpg,2.0837321769032338,-0.01176567699070568,4.095876543372012,1782.586535054362,209.6319346151006,1
564,frame_000564.jpg,2.1071339499004,-0.004217502151810987,4.054748195850015,1793.7639800161458,219.06074596009626,0
565,frame_000565.jpg,2.131684021080025,0.008677205708539,4.001150985467492,1806.4248827269093,232.19500591796032,0
566,frame_000566.jpg,2.1556282402848295,0.01663662556554362,3.948439359293613,1818.812442772506,245.14076444947,0
567,frame_000567.jpg,2.1615196231531506,0.02595475323893706,3.8993942393183434,1825.087921308786,259.5200178144619,0
568,frame_000568.jpg,2.1579246161534074,0.030856831419055295,3.841306886119498,1829.1329799370515,278.05611296318807,0
569,frame_000569.jpg,2.148492569672224,0.03508801820669391,3.791517138055073,1830.56551685557,294.8488661892643,0
570,frame_000570.jpg,2.125990968489711,0.03516689968802739,3.7353642883293503,1828.3799101806283,315.4774806576693,0
571,frame_000571.jpg,2.099075431764935,0.034554982640819944,3.695755062599718,1823.2999941478022,331.60138846354243,0
572,frame_000572.jpg,2.047460308247065,0.03467705394994897,3.6614777980547477,1809.8294035202537,349.58867963261537,0
573,frame_000573.jpg,2.0040899060172257,0.026274165373452032,3.6314388583331065,1798.6211973165177,365.0865914132512,0
574,frame_000574.jpg,1.957571588213948,0.021002870091701577,3.6027067523280456,1786.2874943744437,380.627345886116,0
575,frame_000575.jpg,1.8973956374056073,0.01379544506829868,3.5727322524593985,1769.6890972758356,398.4988013445118,0
576,frame_000576.jpg,1.8396661517976738,0.006071156955005538,3.5616462558802615,1752.1846451903925,410.16085540657537,0
577,frame_000577.jpg,1.777490669404146,-0.006972829085703989,3.551788764964697,1733.1458044665223,422.07493665736183,0
578,frame_000578.jpg,1.719474761263781,-0.015955713983954692,3.5400981104003733,1715.6036805812369,433.96540547922996,0
579,frame_000579.jpg,1.6559890176257117,-0.027302621132494848,3.527046391948221,1696.4308147525503,447.0572464497834,1
580,frame_000580.jpg,1.588991875394794,-0.03875219477478296,3.5288031996619305,1674.8080419994928,456.0542244439125,0
581,frame_000581.jpg,1.529301912352883,-0.056869714371413235,3.5430279180351847,1654.4109953663262,460.14177357966537,0
582,frame_000582.jpg,1.4619631690232768,-0.07290900534418959,3.565528998171692,1630.8228536150477,462.750610567756,0
583,frame_000583.jpg,1.409998154068542,-0.09034219906772355,3.60172795832176,1610.9348844482306,458.91948592890867,0
584,frame_000584.jpg,1.3557089095197064,-0.10356651034249852,3.6527126329234556,1588.9794131003318,450.8314934649577,0
585,frame_000585.jpg,1.3089157735186725,-0.11906452472467093,3.6915464955314063,1570.5127557528954,445.44617064046747,0
586,frame_000586.jpg,1.267959590603285,-0.13401567730944489,3.731481241443512,1553.817740745868,438.88792085973523,0
587,frame_000587.jpg,1.222407789268703,-0.15251169455257393,3.7769987388831163,1535.1508389888513,431.2519180420352,0
588,frame_000588.jpg,1.1894504317810393,-0.1622027744437033,3.823448010750266,1520.4357802368427,421.5330224054105,0
589,frame_000589.jpg,1.162232512375627,-0.1712708832764851,3.8805392505853264,1506.6075111351329,407.6945607031421,0
590,frame_000590.jpg,1.135696958041245,-0.18102979257943952,3.932132602116487,1493.4897467651808,395.4648667271356,0
591,frame_000591.jpg,1.0997161326972358,-0.19170684698241308,3.990642621526326,1476.7269466727685,382.43422963441276,0
592,frame_000592.jpg,1.0717839457841847,-0.20933111433271695,4.046393700852877,1462.7897290556102,369.1133397045187,0
593,frame_000593.jpg,1.0402654437188819,-0.21799912247801081,4.095765392690025,1448.2742141557312,358.28270912620974,0
594,frame_000594.jpg,0.9903283844092414,-0.23337415478783044,4.133972051715333,1428.856371097573,353.5397778083602,0
595,frame_000595.jpg,0.9824043198770634,-0.23558833312423808,4.1302192078017015,1426.6532893508688,355.83284637184283,0
596,frame_000596.jpg,0.9402114280490886,-0.26602170869846387,4.147802052304421,1411.56178883537,356.3863645497188,0
597,frame_000597.jpg,0.8753918307580513,-0.2825034049007856,4.141054771652241,1391.3975248110441,367.71196006938,0
598,frame_000598.jpg,0.8273307986347317,-0.3000505227323472,4.1296465809549945,1377.0196293901304,378.09695412201313,0
599,frame_000599.jpg,0.7670334368790217,-0.3009707098862198,4.105426453606807,1359.8675080597773,394.20016252689834,0
600,frame_000600.jpg,0.711110876654514,-0.3036249535632557,4.073058102763119,1344.8460489910678,412.20862083185534,0
601,frame_000601.jpg,0.6460778888820847,-0.29769658893291917,4.075642114565186,1323.7785756859455,420.66917783158806,0
602,frame_000602.jpg,0.598608856856546,-0.3182348685120526,4.09945567209537,1306.43918118869,420.04080899353926,0
603,frame_000603.jpg,0.5435881342701284,-0.32595465276095975,4.130095777625022,1286.0695087495653,418.369766400461,0
604,frame_000604.jpg,0.4924557804437115,-0.34116245938876494,4.159037092312636,1267.0976381816279,416.6720430758073,0
605,frame_000605.jpg,0.45167320650554843,-0.35060484657234803,4.18986391284692,1251.2731027182515,412.91518857072606,0
606,frame_000606.jpg,0.4101093100477501,-0.3610545481345812,4.233375156057328,1234.0634015100145,405.3337321451954,0
607,frame_000607.jpg,0.3777591333890478,-0.36955117847309593,4.272939787169368,1220.1588269382232,397.66461137884835,0
608,frame_000608.jpg,0.3362082812880896,-0.38480835230772453,4.312193414220209,1203.334219927762,391.402403787941,0
609,frame_000609.jpg,0.3061084728152266,-0.3946681388788274,4.352092517210737,1190.1207295761938,383.30898903656794,0
610,frame_000610.jpg,0.2798966191180384,-0.4030053811292345,4.405776407644919,1176.9196438976533,370.3845131305934,0
611,frame_000611.jpg,0.25285656701186976,-0.4125206945138221,4.454513319806071,1163.8957967925837,359.1130044378017,0
612,frame_000612.jpg,0.2268419463816857,-0.42548076437220345,4.499234289304693,1151.5597866466665,348.94156533250475,0
613,frame_000613.jpg,0.21272720276600884,-0.43290258641418083,4.545057562474379,1142.937826584481,336.7332434878622,0
614,frame_000614.jpg,0.2073986330284549,-0.43290942160951673,4.590280236540469,1137.1846525592189,323.45990775977384,0
615,frame_000615.jpg,0.2142228201419812,-0.4395201200898104,4.638620626200397,1135.0462379909268,307.4883053954593,0
616,frame_000616.jpg,0.22491922536947248,-0.44079367642589473,4.680315886214226,1134.7429832759476,293.0271347706664,0
617,frame_000617.jpg,0.24377915241338544,-0.4449777088654803,4.728246628308444,1136.4974179653586,275.468446564809,0
618,frame_000618.jpg,0.2750395220742927,-0.4373514732470809,4.770870746845496,1142.699667340995,257.7902248427813,0
